Code_Agence,Composante,Jour,Reel,xgboost,prophet,arima,moving_avg,ensemble_top2_cv0,ensemble_top2_cv1,ensemble_top2_cv2,ensemble_top2_cv3,ensemble_top2_cv4,ensemble_top2_cv5,ensemble_top2_cv6,ensemble_top2_cv7,ensemble_post
00038,encaissements,1,227961100.0,491189570.0,294172060.63047624,308513281.36679673,301815109.14285713,380038930.1553291,394819122.23673475,390139193.2253996,376789498.9314457,368129913.1955481,404084959.39205086,390858509.7859639,359938433.3755862,297282570.9702812
00038,encaissements,2,151667933.0,413300350.0,265880192.44708106,310790760.67127043,322260402.59183675,330130860.4137393,341190281.28329146,337688473.0190228,327699447.8513588,321219827.0844619,348123535.73727286,338226715.6948635,315090491.9107633,288825385.8907127
00038,encaissements,3,330205361.0,377779070.0,278789488.88005936,310819979.1570853,321702078.10495627,321932490.029394,329358660.57409656,327007257.0981634,320299848.11590004,315948914.46840394,334014190.2668728,327368671.7025113,311833178.7478065,296253731.3581259
00038,encaissements,4,290935664.0,515833200.0,297035213.146431,310820354.0100693,325507468.54852146,392394752.2304163,408808903.7397739,403611609.4679694,388786095.3409033,379169186.81507707,419099092.93596876,404410456.60763836,370072125.5371257,308622637.28515106
00038,encaissements,5,449371562.0,566706900.0,432908576.55429196,310820358.8191741,342405203.9125959,491222384.84329045,501259882.24062,498081664.0657102,489015648.41699684,483134752.49395484,507552513.1653935,498570163.1324996,477571757.3593385,396076195.34760433
