Code_Agence,Composante,Jour,Reel,xgboost,prophet,arima,moving_avg,ensemble_top2_cv0,ensemble_top2_cv1,ensemble_top2_cv2,ensemble_top2_cv3,ensemble_top2_cv4,ensemble_top2_cv5,ensemble_top2_cv6,ensemble_top2_cv7,ensemble_post
00038,Besoin,1,38717850.0,-11332832.0,-13383019.206059163,-3902746.057976082,-24888285.85714286,-6710168.8415184505,-6118417.488793386,-7911060.8099191915,-5287486.683160754,-6314097.994347284,-6398492.765089799,-7441385.02491438,-7001983.266752978,-14674770.367491188
00038,Besoin,2,-137980067.0,8594344.0,6988403.963852622,-1908319.320114109,-16317548.836734695,2060062.6469954099,1223602.858268874,3757561.332828904,49055.5991350282,1500203.2344736243,1619498.1970260122,3093659.517609204,2472551.014045799,-9304677.580128102
00038,Besoin,3,84249962.0,-41571316.0,-9859906.708262753,-1864595.641894599,5948490.7580174925,-16867592.960666113,-13705245.231371833,-23285214.638971895,-9264713.10257755,-14750970.870630983,-15201980.795025479,-20775244.811325412,-18427061.57677496,2145916.2361718668
00038,Besoin,4,22911164.0,127091790.0,-6989284.283756816,-1863637.09074767,10459297.294877132,46861565.40644463,36591216.477257766,67704060.80176939,22169707.803983554,39987413.59340544,41452157.78127381,59552435.22204634,51926243.14355305,4461811.291179608
00038,Besoin,5,63509766.0,174145490.0,-42512933.18448577,-1863616.0764977557,3066265.337002439,64640594.480559185,50622767.22500212,93088166.47944397,30939092.90182068,55258183.78771434,57257387.736891605,81962154.22808892,71553295.39233981,666926.5227142646
