Code_Agence,Composante,Jour,Reel,xgboost,prophet,arima,moving_avg,ensemble_top2_cv0,ensemble_top2_cv1,ensemble_top2_cv2,ensemble_top2_cv3,ensemble_top2_cv4,ensemble_top2_cv5,ensemble_top2_cv6,ensemble_top2_cv7,ensemble_post
00038,decaissements,1,189243250.0,451309500.0,386360855.3471251,297064874.4936582,326703395.0,375196726.98767006,383555035.5406686,379640456.011733,369634481.5073801,331713931.7281965,372028648.4041133,365247932.5646555,366721198.2929198,310318211.04511034
00038,decaissements,2,289648000.0,332061000.0,372051981.22210824,302739078.393221,338577951.4285714,317591938.4199672,319180865.77336204,318436691.92290276,316534568.58554035,309325867.24658394,316989700.94544756,315700683.54612756,315980743.6741751,318765001.34239894
00038,decaissements,3,245955399.0,396556400.0,337762383.83900607,303191303.25737655,315753587.3469387,350484930.9723294,355544264.89072704,353174752.0596945,347118076.9923949,324164569.6548193,348567277.9543114,344462876.71361846,345354649.3806757,308808728.6905488
00038,decaissements,4,268024500.0,268077300.0,382264237.43734974,303227344.84688944,315048171.25364435,285422251.8694646,283517520.7443677,284409594.613202,286689817.5991304,295331342.96826565,286144227.12639153,287689450.3021549,287353702.7151644,308513215.66663885
00038,decaissements,5,385861796.0,372641280.0,489018952.935577,303230217.30322164,339338938.57559353,338390053.29697216,342151342.51747084,340389761.28640354,335887002.6113889,318822518.16450346,336964383.55261374,333913021.0038035,334576005.9803228,319376807.1899512
