Code_Agence,Composante,Jour,Reel,xgboost,prophet,arima,moving_avg,ensemble_top2_cv0,ensemble_top2_cv1,ensemble_top2_cv2,ensemble_top2_cv3,ensemble_top2_cv4,ensemble_top2_cv5,ensemble_top2_cv6,ensemble_top2_cv7,ensemble_post
00024,decaissements,1,132291600.0,360235600.0,-277209934.7308608,212547187.20162588,201478728.57142857,269965182.4625968,288558274.31019974,228125404.08784378,292166490.20549506,258952684.29015002,285016781.9435351,301440631.92414314,287632870.64483386,206797272.43628505
00024,decaissements,2,203985050.0,333130100.0,-254314718.99743003,212587287.96533296,212389975.51020408,264476315.76370862,278617020.62545395,232655703.94126454,281361182.5905527,256100923.29581442,275923588.89799464,288414511.64671904,277913203.52970886,212484786.80983907
00024,decaissements,3,122770600.0,414771600.0,-160203351.97960147,212587362.17503053,211454114.86880466,299163666.0017441,322975559.9236969,245580099.58768013,327596544.05309826,285060123.5825414,318440019.31360036,339473807.48191845,321790399.6181179,211998655.50533456
00024,decaissements,4,173216000.0,357290460.0,-58206502.311142884,212587362.31236157,220840781.2786339,279704102.7569341,295684643.77819353,243743289.36661735,298785856.5192726,270238982.29173124,292640769.9479646,306756889.034734,294889271.1350121,216874901.99284077
00024,decaissements,5,235747300.0,448552740.0,-269216982.3932587,212587362.31261572,231863678.604153,325341633.3509368,350719559.243567,268234027.55713272,355644452.4735689,310310531.45533323,345885724.71399164,368302854.02185893,349456455.9894347,222601148.27588445
