Code_Agence,Composante,Jour,Reel,xgboost,prophet,arima,moving_avg,ensemble_top2_cv0,ensemble_top2_cv1,ensemble_top2_cv2,ensemble_top2_cv3,ensemble_top2_cv4,ensemble_top2_cv5,ensemble_top2_cv6,ensemble_top2_cv7,ensemble_post
00024,Besoin,1,-944100.0,-41129896.0,361636213.0460653,-45267282.16965998,-46430304.71428572,-43029293.329098344,-44521720.28251993,-42781777.811847396,-44250997.15961987,-44514955.27036648,-42866967.173916824,-42658008.777867526,-43739352.74625009,-42940687.92814991
00024,Besoin,2,-14866050.0,-24323742.0,307499906.17563564,-45121760.57385629,-51140612.530612245,-33933546.44585922,-41484326.6607859,-32681261.48095206,-40114628.96955168,-41450098.678423174,-33112275.294773858,-32055073.180738933,-37526013.47461894,-33426315.1646665
00024,Besoin,3,-30953300.0,-26002672.0,140906051.65204638,-45122352.675514266,-56099589.32069971,-36787878.89460416,-45262215.665812686,-35382423.21784924,-43724986.39574264,-45223802.32624169,-35866156.21705493,-34679643.094728336,-40819749.957994625,-34370695.3070594
00024,Besoin,4,-10990400.0,-15862959.0,-47623155.251129895,-45122350.26635725,-62047830.652228236,-32413271.516960118,-45417466.35804107,-30256545.769250806,-43058528.85729438,-45358518.52001112,-30998851.914351966,-29178102.95459316,-38600332.38631686,-28668782.252654795
00024,Besoin,5,-5315050.0,-20841060.0,308552739.80775714,-45122350.27615968,-66487811.31683227,-37198538.110627584,-50051214.66255987,-35066940.566119954,-47719761.81655554,-49992953.884591766,-35800598.32814161,-34001063.77221605,-43313509.77570477,-31468140.25694498
