Code_Agence,Composante,Jour,Reel,xgboost,prophet,arima,moving_avg,ensemble_top2_cv0,ensemble_top2_cv1,ensemble_top2_cv2,ensemble_top2_cv3,ensemble_top2_cv4,ensemble_top2_cv5,ensemble_top2_cv6,ensemble_top2_cv7,ensemble_post
00024,encaissements,1,131347500.0,305457200.0,334862369.6874531,167640370.33536312,155048423.85714287,222853362.03086042,233599727.02275205,216811521.90366834,236008889.84250548,236477795.53454435,251320499.50120908,224458476.18692958,261323728.63743412,160905341.93542397
00024,encaissements,2,189119000.0,287992770.0,299018872.4852055,167657146.98748997,161249362.97959185,215866713.52182385,225249962.34254396,210591232.8772604,227353535.89165646,227762960.50334334,240722961.64577508,217268224.28478408,249457341.07406628,164229828.79260123
00024,encaissements,3,91817300.0,259125860.0,260959611.27608636,167657126.49602103,155354525.54810497,204301869.23976785,211434199.65832457,200291907.6968655,213033157.56564596,213344366.24705237,223195433.59638947,205367172.24138665,229834566.51202297,161076859.742136
00024,encaissements,4,162225600.0,202133300.0,201255826.16784096,167657126.5210499,158792950.6264057,181469173.2547695,184157471.67137456,179957747.71296442,184760149.57825845,184877454.25957972,188590489.6062212,181870700.25609678,191092886.520038,162915963.07219425
00024,encaissements,5,230432250.0,252130860.0,387595993.655197,167657126.5210193,165375867.2873208,201499493.2547512,208086391.67135864,197796187.71294475,209563061.57824302,209850478.2595644,218948185.6062092,202483332.25607884,225079590.52002823,166436954.10739303
