Code_Agence,Composante,Jour,Reel,xgboost,prophet,arima,moving_avg,ensemble_top2_cv0,ensemble_top2_cv1,ensemble_top2_cv2,ensemble_top2_cv3,ensemble_top2_cv4,ensemble_top2_cv5,ensemble_top2_cv6,ensemble_top2_cv7,ensemble_post
00010,encaissements,1,295681500.0,882368000.0,542482273.9840305,525620881.03653234,284003050.0,665698249.3670812,616088642.8055094,725144154.5085816,663617334.9713959,703137313.3167787,684149614.4247605,688680434.6475301,735387335.674896,383569219.2429426
00010,encaissements,2,284924000.0,826786050.0,489218003.8048392,530244072.86876965,292442557.14285713,611593774.8961363,562322451.097549,670634298.224584,609527040.1779761,648777530.1900444,629919317.0427772,634419244.2816861,680807638.8421113,368240438.00624514
00010,encaissements,3,359399774.0,653278460.0,492667558.74079245,530465547.1486444,292389565.3061224,550892502.9281849,527449795.1552632,578983300.5663431,549909191.9694743,568584091.5296859,559611579.3674943,561752594.595238,583823657.5490675,369536626.8091595
00010,encaissements,4,668896739.0,511800000.0,473663076.6311271,530476156.8872029,279098931.77842563,487488536.09762967,481922091.6956791,494158697.5691316,487255046.97205573,491689406.65021425,489558875.30649936,490067260.23540854,495308018.8202163,354045019.4230145
00010,encaissements,5,853577208.0,677605800.0,725355763.8062406,530476665.14736,301788993.46105784,708045358.4019489,715014936.7233438,699693935.9980469,708337727.4915601,702785633.9036658,705453181.2397547,704816653.2984383,698254893.7181561,464946867.78398836
