Code_Agence,Composante,Jour,Reel,xgboost,prophet,arima,moving_avg,ensemble_top2_cv0,ensemble_top2_cv1,ensemble_top2_cv2,ensemble_top2_cv3,ensemble_top2_cv4,ensemble_top2_cv5,ensemble_top2_cv6,ensemble_top2_cv7,ensemble_post
00010,Besoin,1,-268256500.0,-38942400.0,-468637296.02066636,-31094923.673033535,-254528831.42857143,-34879113.40831678,-33214090.06804424,-34584299.00952704,-33628022.90679453,-33708733.99489683,-33178889.98146071,-34736591.25160281,-34117470.93961057,-35099382.86677256
00010,Besoin,2,-144593900.0,-20925562.0,-536009820.91097224,-31458814.657639228,-288833483.0612245,-26379497.863340665,-28614370.89325633,-26775211.115310665,-28058768.94291208,-27950435.440067384,-28661617.0236901,-26570796.458759565,-27401809.053149953,-26083840.2759429
00010,Besoin,3,-229319826.0,-148051090.0,-460858071.2945072,-31437316.969868466,-262625980.6413994,-87670498.73261105,-62928195.03194676,-83289547.35978656,-69079259.52789794,-70278625.12712787,-62405129.73544692,-85552634.90096273,-76352474.45139554,-90943725.56320912
00010,Besoin,4,119653289.0,-72171820.0,-661021323.1223493,-31438586.994680952,-286622835.0187422,-51080860.32948232,-42438364.09389138,-49550592.66892992,-44586931.599385425,-45005872.13650729,-42255656.494032025,-50341087.56320122,-47127469.31128935,-52224199.5117895
00010,Besoin,5,-413720292.0,-58593830.0,-557806687.0879569,-31438511.965075836,-293403311.4499911,-44533277.48045111,-38771650.32559793,-43513105.00118769,-40204020.78870563,-40483310.09750123,-38649845.389196575,-44040099.35153097,-41897701.18021466,-45295498.76876218
