Code_Agence,Composante,Jour,Reel,xgboost,prophet,arima,moving_avg,ensemble_top2_cv0,ensemble_top2_cv1,ensemble_top2_cv2,ensemble_top2_cv3,ensemble_top2_cv4,ensemble_top2_cv5,ensemble_top2_cv6,ensemble_top2_cv7,ensemble_post
00010,decaissements,1,563938000.0,921112000.0,748841501.8690473,576190866.8933166,538531881.4285715,718858586.6647091,717337069.6522675,745178296.0706058,746207413.1019841,706165796.3492365,723007341.8747392,708527467.1663111,751023666.5571299,557634430.6609646
00010,decaissements,2,429517900.0,784889340.0,702305929.0066522,581108410.6152773,581276040.2040817,665397123.2828126,664498194.9987006,680946936.1539706,681554949.6124289,657898158.6997583,667848233.8242557,659293454.563117,684400393.5485673,581191009.966718
00010,decaissements,3,588719600.0,923357060.0,696289783.851431,581328603.7038522,555015545.9475219,722799839.1805685,721291066.2327821,748898833.8884974,749919310.3972387,710213489.5295932,726913805.2192717,712555373.7070596,754695183.6941745,568362864.6562444
00010,decaissements,4,549243450.0,676600800.0,741044446.0364763,581338463.3002274,565721766.7971679,620741268.6092488,620321051.1550353,628010422.9659175,628294646.0583903,617235713.7836478,621887116.0558192,617887962.4513915,629624813.6820605,573643348.0643082
00010,decaissements,5,1267297500.0,941619460.0,984648330.2237216,581338904.7838421,595192304.911049,730359639.484555,728770367.9778553,757851384.1531557,758926325.9284549,717101636.9052031,734693161.62092,719568474.5500606,763957063.3875227,588165157.0816483
