Code_Agence,Composante,Jour,Reel,xgboost,prophet,arima,moving_avg,ensemble_top2_cv0,ensemble_top2_cv1,ensemble_top2_cv2,ensemble_top2_cv3,ensemble_top2_cv4,ensemble_top2_cv5,ensemble_top2_cv6,ensemble_top2_cv7,ensemble_post
00043,encaissements,1,259994900.0,504870560.0,282413975.34573686,330931278.21645653,329820012.28571427,366598789.77413833,377688801.304443,367902443.6651449,411709370.27272874,362360461.7133477,429206868.5352104,414385961.14224625,345592423.00374264,298570778.00901264
00043,encaissements,2,247236800.0,569002500.0,264882533.92857987,322010057.7061442,342546478.3265306,379971433.4759455,395132549.3125216,381753649.1032258,441642016.82004243,374177216.39272094,465562783.42652816,445301193.7555021,351253668.48880965,283906636.1292967
00043,encaissements,3,143317650.0,517453200.0,266973618.2149408,322494682.79938734,338733735.0874635,361763247.2797102,374250261.5607792,363231112.73684967,412556448.7807836,356990998.48858523,432258083.62368333,415570209.8184008,338110685.4976144,285462751.5976471
00043,encaissements,4,216850700.0,479773500.0,266773946.42628804,322468356.6391126,349440918.67138684,347379921.8070258,357998458.2045611,348628141.3805908,390572765.4954749,343321756.7778624,407326393.66891503,393135584.98135173,327266569.197837,285320805.83547413
00043,encaissements,5,502123275.0,575281700.0,460649991.3965206,322469786.74812776,344834982.0530135,504030373.213014,509745052.8357184,504702152.5727368,527275831.96945,501846359.0688523,536292286.0597476,528655057.5052618,493205792.84303504,414634442.99672484
