Code_Agence,Composante,Jour,Reel,xgboost,prophet,arima,moving_avg,ensemble_top2_cv0,ensemble_top2_cv1,ensemble_top2_cv2,ensemble_top2_cv3,ensemble_top2_cv4,ensemble_top2_cv5,ensemble_top2_cv6,ensemble_top2_cv7,ensemble_post
00043,decaissements,1,224976500.0,514084670.0,286393597.7610002,303476750.2670998,322270742.85714287,412172961.6272212,419143114.46969455,408791252.4136454,434491444.98980945,359039434.58385813,418043180.8405906,406134436.65944827,392616249.1334362,293706191.91066206
00043,decaissements,2,220350000.0,479303740.0,302374101.08109665,304058242.13191766,331119541.8367347,394503669.49796665,400303473.6906867,391689761.2774347,413074755.14557,350291588.9900778,399388240.9469987,389479048.99912083,378230649.3969401,303095012.5165616
00043,decaissements,3,251773000.0,394523000.0,311162356.65137374,304033077.3565389,334241833.5276968,350735556.43811107,353730353.46671,349282572.1477256,360324940.8411926,327906175.1976327,353257773.29807186,348141046.41767406,342332807.57680076,308110605.7497706
00043,decaissements,4,236773800.0,386649120.0,301946372.2815831,304034166.3931328,340226924.03165346,346672323.4153477,349406492.40195,345345772.6115819,355427176.4113072,325829680.92407775,348975037.9208882,344303588.61964464,339000827.68021166,302840070.9710004
00043,decaissements,5,503592621.0,433730300.0,476584507.0131218,304034119.26373523,341131834.607604,370971228.6097598,375263559.1561239,368888709.04923916,384715366.60010445,338250630.2283801,374586216.4289252,367252588.4627681,358927840.4982643,402722791.17773896
