Code_Agence,Composante,Jour,Reel,xgboost,prophet,arima,moving_avg,ensemble_top2_cv0,ensemble_top2_cv1,ensemble_top2_cv2,ensemble_top2_cv3,ensemble_top2_cv4,ensemble_top2_cv5,ensemble_top2_cv6,ensemble_top2_cv7,ensemble_post
00043,Besoin,1,35018400.0,-64633156.0,-12831727.125666678,-22154474.179738805,7549269.428571428,-28826410.524946183,-25681015.24640177,-43173522.86452432,-45676672.773062445,-24975883.16481457,-33622858.04289861,-29801338.911907297,-31686357.031009167,-9681606.031211184
00043,Besoin,2,26886800.0,-36151376.0,-34982272.1543441,-3672477.659816362,11426936.48979592,-8773792.604934111,-6368845.964884799,-19743494.078840457,-21657381.425586723,-5829706.8751588445,-12441122.937265707,-9519216.024388853,-10960487.492716638,2667901.6637998126
00043,Besoin,3,-108455350.0,-7917246.0,-39843815.87616364,-1004977.0234687105,4491901.559766764,-2090656.0506831273,-1578827.1989993257,-4425265.012316968,-4832585.327410174,-1464085.8590415283,-2871149.7945115324,-2249299.560491176,-2556035.9409580547,1303211.5571107352
00043,Besoin,4,-19923100.0,-63220630.0,-35997276.87724918,-619977.5112544865,9213994.639733443,-10452381.43092755,-5817026.0523139555,-31595661.921825107,-35284538.412111424,-4777875.973233018,-17520888.117152378,-11889129.319339171,-14667072.423001593,3509395.5278141964
00043,Besoin,5,-1469346.0,-74011920.0,-33106086.623024765,-564410.6550050575,3703147.445409651,-12100481.210965391,-6661955.305020407,-36907272.32731582,-41235325.21424668,-5442750.83456812,-20393753.18870849,-13786175.414987395,-17045455.333233714,1227575.237566471
