Code_Agence,Composante,Jour,Reel,xgboost,prophet,arima,moving_avg,ensemble_top2_cv0,ensemble_top2_cv1,ensemble_top2_cv2,ensemble_top2_cv3,ensemble_top2_cv4,ensemble_top2_cv5,ensemble_top2_cv6,ensemble_top2_cv7,ensemble_post
00037,encaissements,1,239640500.0,278311650.0,277556688.17873985,257714880.58906874,159845925.14285713,277719491.7564819,277750189.9078382,277749409.411559,277926051.50739413,277869326.62684345,277840250.6922395,277911761.6518662,277854039.9114779,204101477.2774112
00037,encaissements,2,113187550.0,346642750.0,270267076.5419261,233520117.2919386,173068128.73469386,286736979.93016434,289843125.7369818,289763302.2107594,307633891.91291034,301894972.1099345,298953556.00224185,306187725.9372246,300348482.5683347,200404030.2883072
00037,encaissements,3,313203800.0,323750460.0,187251154.36018807,237729513.66923293,151661318.55393586,216686316.0375322,222237648.16865265,222094985.22211024,254033463.29920226,243776816.42216262,238519900.94359756,251448870.53757238,241012924.94491327,190580662.06471246
00037,encaissements,4,80270000.0,260683300.0,238172068.10891035,236997164.37349585,160235914.06164098,243026464.59511903,243941977.04196855,243918452.13055146,249185693.17583293,247494186.20580387,246627219.46698827,248759443.1926049,247038368.73840716,194946732.21231478
00037,encaissements,5,245035725.0,314345660.0,419665452.34040374,237124578.24543712,146263994.64187542,396953950.97728163,392670660.2357179,392780746.41340005,368137720.6053119,376051531.56335795,380107648.0098647,370131951.0171586,378184093.1013832,187350417.56638905
