Code_Agence,Composante,Jour,Reel,xgboost,prophet,arima,moving_avg,ensemble_top2_cv0,ensemble_top2_cv1,ensemble_top2_cv2,ensemble_top2_cv3,ensemble_top2_cv4,ensemble_top2_cv5,ensemble_top2_cv6,ensemble_top2_cv7,ensemble_post
00037,decaissements,1,129430000.0,241359180.0,171281414.62804377,122805000.01967642,136043353.57142857,195982582.52021998,217866159.76276714,196836457.07717824,216752946.1163919,198390892.64199692,218634638.13013217,204013648.35208106,218722144.91770285,147747835.59247196
00037,decaissements,2,66122000.0,250582600.0,129928134.35647282,122779166.33897227,146854072.6530612,172456686.96751967,210134116.94981846,173926821.09791255,208217487.42486247,176603131.69704726,211457235.510463,186283952.5447163,211607909.3401819,126457564.07560916
00037,decaissements,3,89042400.0,240027680.0,109391508.11793189,122776620.06232662,154412525.1749271,155438432.676765,196232906.131135,157030198.57243508,194157728.8114196,159927916.9526975,197665489.3685232,170409624.22987163,197828627.85280976,115889504.9765737
00037,decaissements,4,165072500.0,202384350.0,120899203.56334172,122776369.0905495,164772528.77134523,149621269.8940215,175067076.98267645,150614146.45739323,173772677.35902902,152421613.43073967,175960664.5716886,158959646.55245268,176062422.83621904,121810500.81282455
00037,decaissements,5,196682200.0,249323860.0,201798710.59830508,122776344.35371149,162730132.88153744,218550481.75337481,233391425.74590456,219129561.4986938,232636472.52761757,220183737.79012546,233912589.45203537,223996967.17839348,233971934.50205305,163436156.01131523
