Code_Agence,Composante,Jour,Reel,xgboost,prophet,arima,moving_avg,ensemble_top2_cv0,ensemble_top2_cv1,ensemble_top2_cv2,ensemble_top2_cv3,ensemble_top2_cv4,ensemble_top2_cv5,ensemble_top2_cv6,ensemble_top2_cv7,ensemble_post
00037,Besoin,1,110210500.0,-65939064.0,86199187.52902396,105967475.79820043,23802571.57142857,-7656616.219611449,-6477625.068786208,-17108474.632691808,-21911715.585609205,-10072183.686623149,-31932038.469662502,-7386995.697539462,-9216877.366957461,66027956.744230986
00037,Besoin,2,47065550.0,-46476560.0,100220457.83940245,84176391.24252838,26214056.08163265,732152.4732330702,1687133.7922527306,-6923841.739881489,-10814462.569596618,-1224453.684056513,-18930911.70924417,950544.067071557,-531658.1123806797,56001493.317960925
00037,Besoin,3,224161400.0,-77773930.0,59411630.88470755,88478113.96659598,-2751206.6209912547,-29050635.242503036,-28065017.550844394,-36952253.888204284,-40967697.06608834,-31070017.285737667,-49344540.29963012,-28825236.976464503,-30354994.343693737,44132474.88652982
00037,Besoin,4,-84802500.0,21524200.0,86325932.78139754,87628921.79594089,-4536614.709704291,4599078.599400767,4256701.777257601,7343881.502388266,8738734.715238113,5300555.209270526,11648618.62901625,4520781.279673673,5052175.8761237115,42828197.73951177
00037,Besoin,5,48353525.0,117485310.0,148813025.89658862,87796558.66817984,-16466138.23966205,30490925.787265666,28731123.9129439,44599096.980928965,51768582.03892146,34096487.20321285,66725253.34976296,30088482.868933562,32819828.583398916,37115528.74479599
