Code_Agence,Composante,Jour,Reel,xgboost,prophet,arima,moving_avg,ensemble_top2_cv0,ensemble_top2_cv1,ensemble_top2_cv2,ensemble_top2_cv3,ensemble_top2_cv4,ensemble_top2_cv5,ensemble_top2_cv6,ensemble_top2_cv7,ensemble_post
00001,Besoin,1,-1070708761.0,-1370573200.0,-717340711.3232392,-757159450.4705095,-932282552.7142857,-1011108476.2298537,-1062711516.3327026,-1051899423.3663497,-1098013694.074026,-1038978189.609932,-977609223.632359,-949192686.9403801,-947019633.6484373,-735228854.7456915
00001,Besoin,2,-579137939.0,-1114678000.0,-887303987.229617,-760657761.3457057,-993066762.5306122,-907219694.5681107,-937001401.6659405,-930761402.4009312,-957375402.286283,-923304194.4304544,-887886209.0789746,-871486164.468859,-870232032.1157821,-830409522.4364243
00001,Besoin,3,-1048826672.0,-1102618400.0,-983771719.5630555,-760618385.446453,-1084758025.4635568,-902204012.0191505,-930974535.5875211,-924946386.2775779,-950656722.3058369,-917742364.8777876,-883526968.1631775,-867683755.4551802,-866472203.6110377,-883522466.7900717
00001,Besoin,4,-1025579517.0,-1103589200.0,-1235496616.7184448,-760618828.6493292,-1073938146.1012077,-902606223.7390975,-931458406.0233297,-925413144.5253406,-951196439.2351515,-918188652.4613488,-883876180.0869848,-867987995.9104661,-866773021.6363916,-1022162840.6362963
00001,Besoin,5,-548992401.0,-1117208000.0,-485878217.31627584,-760618823.6607754,-1133055847.6870944,-908244300.8157705,-938242147.5196614,-931956853.9337434,-958763925.0185764,-924445513.7646706,-888770544.8912268,-872251448.4836121,-870988218.1918653,-609302501.3470982
