Code_Agence,Composante,Jour,Reel,xgboost,prophet,arima,moving_avg,ensemble_top2_cv0,ensemble_top2_cv1,ensemble_top2_cv2,ensemble_top2_cv3,ensemble_top2_cv4,ensemble_top2_cv5,ensemble_top2_cv6,ensemble_top2_cv7,ensemble_post
00001,encaissements,1,2344732295.0,3324270300.0,1542281212.9003065,1776174372.8590598,1794176563.857143,2445178422.0705914,2348659445.8231864,2367266599.1264763,2697181659.3537436,2426521636.318778,2606539452.1059747,2493841878.435421,2242585628.0632787,1637364647.0913038
00001,encaissements,2,1942768643.0,2679932200.0,1319884304.6076815,1779448162.5769074,1842977124.1224492,2008992613.7248187,1935327543.680068,1949528849.9153247,2201326263.465508,1994753407.1965008,2132146332.7149339,2046133357.8782911,1854369929.8669786,1517337181.3328197
00001,encaissements,3,1265316065.0,2807054600.0,1255875711.0208187,1779510393.4630854,1748268737.7113705,2041826095.900103,1957808717.272396,1974005746.3952482,2261188982.8113794,2025585801.5456452,2182287032.678564,2084186432.9524398,1865474046.514749,1441740276.4905467
00001,encaissements,4,1030121883.0,2183328300.0,1302010048.6700642,1779511576.3989267,1782435918.3844235,1748555803.0523825,1700820455.873725,1710023056.9435918,1873189077.6221738,1739328820.3663676,1828360119.9226942,1772623321.827317,1648359571.6459186,1483357347.8286958
00001,encaissements,5,2191133699.0,2757600800.0,2197572528.2087655,1779511598.8851438,1868062732.7250555,2481327383.2336636,2450994174.1272798,2456841871.509353,2560524816.068043,2475464029.854304,2532038411.2592993,2496620890.9280486,2417658241.961026,2073191816.7936788
