Code_Agence,Composante,Jour,Reel,xgboost,prophet,arima,moving_avg,ensemble_top2_cv0,ensemble_top2_cv1,ensemble_top2_cv2,ensemble_top2_cv3,ensemble_top2_cv4,ensemble_top2_cv5,ensemble_top2_cv6,ensemble_top2_cv7,ensemble_post
00001,decaissements,1,3415441056.0,5038931500.0,2296802994.675929,2596718718.680161,2726459116.571429,3659664805.055979,3608602256.16626,3129709189.109733,3886703899.6960435,3729566292.4042177,3625107934.855611,3829702160.522983,3146869263.3181953,2451287911.679456
00001,decaissements,2,2521906582.0,3519540000.0,2175998292.4051695,2594016602.492503,2836043886.6530614,2843750246.974057,2818731510.260124,2584091619.1723027,2954991123.2994266,2877999343.120008,2826818623.589039,2927062286.241152,2592499393.0366926,2391317192.9203196
00001,decaissements,3,2314142737.0,3777040100.0,2184828539.4515624,2593919501.424814,2833026763.174927,2976171688.1112137,2946522247.7740107,2668453935.7969875,3108001513.1945786,3016759782.572429,2956106288.9852543,3074903402.7605867,2678417906.5726137,2395549012.735048
00001,decaissements,4,2055701400.0,3637043700.0,2435511971.016267,2593916012.079171,2856374064.485631,3032683744.6112623,3010309379.846157,2800470533.4614105,3132166642.90644,3063312733.4352245,3017541852.2699466,3107189818.4396677,2807989584.277811,2517105009.2535043
00001,decaissements,5,2740126100.0,4112742000.0,2857695435.3666015,2593915886.688861,3001118580.41215,3481464451.647374,3458093660.9816647,3238908742.929226,3585378195.819686,3513457745.7390094,3465648106.360512,3559288991.606523,3246762694.180996,2721824060.7662697
