Code_Agence,Composante,Jour,Reel,xgboost,prophet,arima,moving_avg,ensemble_top2_cv0,ensemble_top2_cv1,ensemble_top2_cv2,ensemble_top2_cv3,ensemble_top2_cv4,ensemble_top2_cv5,ensemble_top2_cv6,ensemble_top2_cv7,ensemble_post
00079,encaissements,1,221996450.0,430599550.0,196939550.05883878,300682631.81602305,247413200.7142857,278604512.48104715,307762505.5984974,315075991.1372313,308854816.13624954,354493868.4140781,354737815.2576812,327221729.49979293,329643099.0072398,214380603.79747808
00079,encaissements,2,331809975.0,336616930.0,163584724.95989898,301576691.890696,233151486.53061223,224060063.3540311,245652422.84190947,251068287.99776727,246461315.91540083,280258403.75708306,280439042.3733108,260062559.6886614,261855673.44682255,187623359.2021594
00079,encaissements,3,159174650.0,320498980.0,176346508.26006675,301549745.7564011,234512051.74927112,226728280.30932277,244716792.67785087,249228737.99876606,245390683.196577,273546915.7196769,273697384.05370176,256721823.0209921,258215649.4038301,196445477.85229096
00079,encaissements,4,200860550.0,267135600.0,203633490.35064304,301550557.8876818,235041062.71345273,225827690.04333663,233751998.84538752,235739598.14185202,234048864.67160392,246452255.8492735,246518542.75400323,239040454.77479517,239698520.5447293,214486304.64615214
00079,encaissements,5,422856600.0,421781980.0,405148727.651197,301550533.4108047,241671664.52966025,410962103.6284287,413037742.0771294,413558361.32951903,413115504.1007767,416364364.9208826,416381710.0172952,414422950.24753916,414595336.7483002,348659604.99190784
