Code_Agence,Composante,Jour,Reel,xgboost,prophet,arima,moving_avg,ensemble_top2_cv0,ensemble_top2_cv1,ensemble_top2_cv2,ensemble_top2_cv3,ensemble_top2_cv4,ensemble_top2_cv5,ensemble_top2_cv6,ensemble_top2_cv7,ensemble_post
00079,decaissements,1,71597000.0,143155740.0,43704095.2319306,74165777.90243374,172656707.14285713,111000468.13016397,99488586.18938798,107752557.30126947,108361229.7026416,108582153.00478572,105891871.90462859,111066258.9208624,106159023.30919093,60876626.00377036
00079,decaissements,2,88010500.0,131322920.0,38411692.216676645,74218950.77765785,163031451.02040815,104707547.27247177,95178997.92997973,102019199.72241944,102523007.00034781,102705872.02726081,100479088.41799197,104761999.35986547,100700209.92090434,58597748.78304938
00079,decaissements,3,179410300.0,84110630.0,53385455.94274606,74220045.26101054,151471415.45189503,79500765.39603701,77850390.68258423,79035133.37220004,79122394.99393064,79154068.5159851,78768383.5863955,79510196.43977973,78806680.85113327,65130789.58227581
00079,decaissements,4,49449000.0,57841092.0,68812389.8603223,74220067.78929783,158132189.08788005,65475103.89616039,68208154.94185063,66246196.93291276,66101692.355885096,66049241.80579734,66687943.75470449,65459486.91842113,66624520.93220585,71860925.18399478
00079,decaissements,5,119598000.0,81959400.0,108001116.16931082,74220068.25300862,144184001.81472003,78352200.11228958,77060795.23535609,77987849.17087258,78056130.58975378,78080916.03818108,77779120.00517076,78359583.13410814,77809089.1808765,88957319.70138212
