Code_Agence,Composante,Jour,Reel,xgboost,prophet,arima,moving_avg,ensemble_top2_cv0,ensemble_top2_cv1,ensemble_top2_cv2,ensemble_top2_cv3,ensemble_top2_cv4,ensemble_top2_cv5,ensemble_top2_cv6,ensemble_top2_cv7,ensemble_post
00079,Besoin,1,150399450.0,287554800.0,142482278.31054658,226767505.0632978,74756493.57142857,186449425.8744107,198686609.87155247,202632619.08739424,217808975.81643456,232141516.85698247,204930443.44661385,209260710.21861583,219255769.74026677,108604679.20984064
00079,Besoin,2,243799475.0,257673060.0,117003614.67099324,227751170.31718713,70120035.51020408,159636320.46282357,171502092.78361326,175328326.08770728,190044068.92108297,203941601.53976166,177556415.0835977,181755249.71813518,191446959.82544625,93551644.26808652
00079,Besoin,3,-20235650.0,245541250.0,116820208.42404488,227720930.17889896,83040636.29737608,155831707.17333093,166689606.20729274,170190844.193245,183656637.5507544,196373721.9263982,172229678.19007403,176071867.3121451,184940357.5531512,99923087.08822247
00079,Besoin,4,151411550.0,178598460.0,132169628.4919688,227721859.83048528,76908873.62557267,146240820.30914688,150157190.5985604,151420065.685475,156277091.01451474,160864053.98582166,152155465.757906,153541314.50331116,156740124.29397148,104527251.12303093
00079,Besoin,5,303258600.0,240501060.0,296189118.4026151,227721831.2508517,97487662.71494019,279311727.98818547,274614319.9459729,273099596.3423769,267273948.1178835,261772203.24567014,272217545.427878,270555309.3658003,266718578.17390537,196795242.31179073
