Code_Agence,Composante,Jour,Reel,xgboost,prophet,arima,moving_avg,ensemble_top2_cv0,ensemble_top2_cv1,ensemble_top2_cv2,ensemble_top2_cv3,ensemble_top2_cv4,ensemble_top2_cv5,ensemble_top2_cv6,ensemble_top2_cv7,ensemble_post
00033,encaissements,1,216199350.0,361281060.0,178288711.6787463,175836968.29502398,168640170.57142857,268007153.65099818,246244545.8607461,277362060.5995201,269285811.0311402,256439572.65623134,276691977.18441117,261218098.49061632,281554441.9488599,172064929.48854858
00033,encaissements,2,159641125.0,288034780.0,147086810.62528068,177002234.2875518,168700825.6530612,216191516.534787,199429091.4045064,223397040.3369487,217176388.89175206,207281705.2000667,222880912.07908118,210962320.95870298,226626182.88624004,172651238.6474986
00033,encaissements,3,172157160.0,240275860.0,153488518.66063508,177030684.58105174,169352661.46064138,196039065.52943715,185717764.40236944,200475794.59462613,196645494.01444906,190552936.76415527,200157995.6437577,192819238.52922496,202464112.85426757,173006422.36339223
00033,encaissements,4,141989250.0,217431250.0,151448795.11157784,177031379.20288524,173456655.95501873,183799020.3557104,175951966.27776828,187172159.72809047,184260069.38896602,179628033.46259922,186930547.86648092,181351055.22700948,188683832.42338324,175157768.83738148
00033,encaissements,5,177429450.0,260506110.0,251641465.23624444,177031396.1622706,178390331.80573568,255987669.90716365,254933432.02747792,256440845.21465844,256049607.64305276,255427303.4744,256408383.5559411,255658783.74265525,256643933.70485774,177743651.5541162
