Code_Agence,Composante,Jour,Reel,xgboost,prophet,arima,moving_avg,ensemble_top2_cv0,ensemble_top2_cv1,ensemble_top2_cv2,ensemble_top2_cv3,ensemble_top2_cv4,ensemble_top2_cv5,ensemble_top2_cv6,ensemble_top2_cv7,ensemble_post
00033,decaissements,1,325086625.0,381431520.0,190545597.78514048,188484309.21669057,205089497.14285713,280701902.09808934,236299248.09037465,288268049.3628659,285710501.44804007,276342520.1862842,303617062.70059276,297857817.33647263,290211224.5804385,198461984.3759686
00033,decaissements,2,219447700.0,318852380.0,171690919.36499548,189071256.7747546,213387353.87755102,241195959.5560323,206964203.6635934,247029002.98342294,245057297.53992695,237835149.45215303,258862156.26251954,254422123.68402258,248527073.93883353,203682239.74657905
00033,decaissements,3,189672550.0,322523520.0,164795434.02889407,189097485.85714966,211866418.71720117,239291147.85677093,202601448.56697607,245543012.10237998,243429718.55192655,235689005.20186996,258225826.6943106,253466981.43599918,247148653.31070992,202778813.45254606
00033,decaissements,4,232762300.0,230864880.0,162239635.43853238,189098657.96316466,222743578.5339442,194651656.76898164,178688492.06843913,197371753.37602085,196452296.34856492,193084417.7284633,202889862.00425482,200819361.3790874,198070347.95135516,209315116.19944602
00033,decaissements,5,259118200.0,310229000.0,265762130.2675356,189098710.3413794,227927768.32450765,286764038.18373835,276420441.62648743,288526566.6678735,287930795.9738285,285748519.70059097,292102125.49354327,290760504.9489213,288979225.08627146,212430197.40548664
