Code_Agence,Composante,Jour,Reel,xgboost,prophet,arima,moving_avg,ensemble_top2_cv0,ensemble_top2_cv1,ensemble_top2_cv2,ensemble_top2_cv3,ensemble_top2_cv4,ensemble_top2_cv5,ensemble_top2_cv6,ensemble_top2_cv7,ensemble_post
00033,Besoin,1,-108887275.0,-23087148.0,-54685253.41019871,-12499495.380670898,-36449326.571428575,-15521581.107628867,-14795012.715813762,-16420831.627231032,-16382228.05878793,-14185334.702077463,-17463780.883381702,-15288706.734838981,-17145568.577782948,-25462218.485929456
00033,Besoin,2,-59806575.0,-42834904.0,-75997430.3177333,-11506334.742298232,-44686528.2244898,-20448602.181442723,-18298707.03567835,-23109458.674786396,-22995231.941635434,-16494686.205545096,-26195516.4075974,-19759533.841614038,-25253936.709805816,-29464944.022790086
00033,Besoin,3,-17515390.0,-76223660.0,-61861465.073152125,-11477942.04673351,-42513757.25655977,-29958630.75223129,-25515514.183316212,-35457736.747008756,-35221666.49120177,-21787202.8909404,-41835590.33625852,-28534556.91795685,-39889659.297453836,-28275917.602661528
00033,Besoin,4,-90773050.0,-35495644.0,-64011556.537490435,-11477130.35008517,-49286922.578925446,-18332852.74213843,-16684603.471272217,-20372837.67745121,-20285263.462115683,-15301523.938234907,-22738810.223850243,-17804568.05467892,-22016934.7895443,-31941486.170636903
00033,Besoin,5,-81688750.0,-28299860.0,-96757511.1288135,-11477107.145122208,-49537436.51877194,-16278908.16068186,-15124461.797395973,-17707730.06688188,-17646391.7669387,-14155741.928126313,-19364874.899113547,-15908893.462831557,-18859267.76738363,-32077064.90832982
