Code_Agence,Composante,Jour,Reel,xgboost,prophet,arima,moving_avg,ensemble_top2_cv0,ensemble_top2_cv1,ensemble_top2_cv2,ensemble_top2_cv3,ensemble_top2_cv4,ensemble_top2_cv5,ensemble_top2_cv6,ensemble_top2_cv7,ensemble_post
00021,decaissements,1,127296500.0,452949100.0,330727356.2771824,275871537.2593438,251718772.14285713,416209940.162375,395639078.48367393,374285370.76309323,388577814.9127153,396202584.3835877,393304374.3856773,388590427.0883993,401336888.4550369,288614387.5909926
00021,decaissements,2,175049250.0,465630240.0,258592969.70664367,276572901.86297065,264319525.30612245,403396045.62820715,368550069.6584217,332377988.523031,356588660.48285383,369504617.6829035,364595197.5082698,356610011.3483781,378201828.698073,261645324.8308738
00021,decaissements,3,229856600.0,409327780.0,251712803.1358554,276583834.6014715,241537586.06413993,361949635.81389767,335421802.299174,307884451.5436512,326315729.0872828,336148503.57344544,332411023.5857405,326331997.8354063,342769584.40012467,246289232.9933021
00021,decaissements,4,308428500.0,301642800.0,282412434.7640944,276584005.018927,261831944.07330278,295862277.45327324,292625654.710551,289265852.58190775,291514635.7851644,292714318.25421023,292258315.59545124,291516617.0032474,293522153.962963,271442670.282121
00021,decaissements,5,416284600.0,334729120.0,384934635.6976285,276584007.675362,269699207.512346,349820603.18137324,358270576.23081136,367042129.6557789,361171158.20726234,358039101.563751,359229624.359314,361165985.3781813,355930076.02030194,323512120.25986445
