Code_Agence,Composante,Jour,Reel,xgboost,prophet,arima,moving_avg,ensemble_top2_cv0,ensemble_top2_cv1,ensemble_top2_cv2,ensemble_top2_cv3,ensemble_top2_cv4,ensemble_top2_cv5,ensemble_top2_cv6,ensemble_top2_cv7,ensemble_post
00021,Besoin,1,168305425.0,278599840.0,317178613.1110907,274519056.9519059,185799534.14285713,300954539.32914996,303811115.3561114,297003103.79639316,294835314.42847544,289073785.2113767,288425127.2178551,294404604.1304573,296510096.7413704,218836276.17448735
00021,Besoin,2,114911775.0,264336110.0,192205266.10585064,246181874.08568576,196517303.30612245,222539483.58523816,217198534.3979087,229927486.30505204,233980588.61072403,244752936.50111595,245965765.8934691,234785892.51261795,230849240.44988018,220660674.9084085
00021,Besoin,3,93496481.0,178481820.0,198986634.15016305,251324264.906466,183469475.2069971,190363458.46637678,191881741.50644994,188263247.39139554,187111065.71874836,184048781.42181045,183704011.50658098,186882138.31719604,188001213.63098317,181693878.0037747
00021,Besoin,4,180394450.0,230124880.0,147001182.95409873,250391067.57776582,188669090.23656812,181958380.5129705,175803458.78628564,190472316.60185045,195143130.38741633,207557188.5901809,208954856.6708557,196071176.07456023,191534563.07802665,203427275.49102455
00021,Besoin,5,86687175.0,288493860.0,555549850.1267658,250560416.28824773,190758393.41322067,443241001.4037473,463015232.02143306,415887769.8435994,400881625.8484969,360998273.53938246,356507944.8726355,397900058.569133,412475036.5244963,225552038.51718307
