Code_Agence,Composante,Jour,Reel,xgboost,prophet,arima,moving_avg,ensemble_top2_cv0,ensemble_top2_cv1,ensemble_top2_cv2,ensemble_top2_cv3,ensemble_top2_cv4,ensemble_top2_cv5,ensemble_top2_cv6,ensemble_top2_cv7,ensemble_post
00021,encaissements,1,295601925.0,738978300.0,588834532.6339047,502234254.48041964,437518306.28571427,653015813.5147872,656349901.0660954,655748940.4068089,654963309.7014087,666612968.5001259,664074288.3715409,661805873.4843161,659925694.1678109,465925825.85831296
00021,encaissements,2,289961025.0,745464600.0,422468721.60498655,496630606.87568974,460836828.6122449,560538282.3363626,567710706.6264448,566417917.8813989,564727845.4680383,589789104.4885663,584327803.8316694,579447859.2235693,575403131.0161767,476548758.7463267
00021,encaissements,3,323353081.0,684851400.0,420999201.98559606,496835854.2498599,425007061.27113706,533786915.61393166,539645987.9289476,538589909.4587681,537209299.672687,557681602.8348193,553220319.1568832,549233948.5248,545929826.1076148,456536813.9725917
00021,encaissements,4,488822950.0,706086100.0,417293454.1753026,496828336.5600309,450501034.3098709,540742335.0385705,547155248.8673489,545999346.2100064,544488209.8178077,566895658.2408661,562012676.8123333,557649486.4270593,554033070.4037536,470836728.711777
00021,encaissements,5,502971775.0,907309250.0,820153422.84801,496828611.9139086,460457600.92556673,857409513.2600875,859344905.6421201,858996066.5683066,858540029.47772,865302437.5869794,863828781.5921557,862511982.5997891,861420613.7541609,476422911.4146906
