Code_Agence,Composante,Jour,Reel,xgboost,prophet,arima,moving_avg,ensemble_top2_cv0,ensemble_top2_cv1,ensemble_top2_cv2,ensemble_top2_cv3,ensemble_top2_cv4,ensemble_top2_cv5,ensemble_top2_cv6,ensemble_top2_cv7,ensemble_post
00073,encaissements,1,111057300.0,174040420.0,198503749.63509738,201581015.62095413,224772104.7142857,189018075.20343137,187309374.0346967,186817671.6592484,186674496.42526534,189210501.12713844,186379136.44156212,185330848.3240369,184404017.15200633,185822205.284252
00073,encaissements,2,284383765.0,173946600.0,161659518.38373542,199702468.2754424,233923192.53061223,166423837.4611526,167282059.39883262,167529026.95517707,167600935.04651058,166327189.44975626,167749289.77966207,168275796.48665822,168741318.752563,168029016.84896225
00073,encaissements,3,128935427.0,136431260.0,136556028.84559718,199766477.24173957,210098452.17784256,136507650.82882586,136498940.6111951,136496427.28249437,136495700.586438,136508631.39361137,136494192.9515184,136488845.83405513,136484119.86505333,136491350.46370512
00073,encaissements,4,95340246.0,152751820.0,130319382.57518634,199764296.2225727,209362706.0603915,139017571.33905703,140584432.23056203,141035304.2560583,141166594.2875712,138841123.59327492,141437441.46000257,142398694.00110573,143248581.82631555,141948135.55432135
00073,encaissements,5,225231295.0,203719490.0,269610170.1042372,199764370.53785825,204733789.06901884,244061024.77332914,239458714.96964476,238134346.4358124,237748716.26488873,244579304.70030403,236953181.40463856,234129675.18876705,231633298.1298326,235453101.0156166
