Code_Agence,Composante,Jour,Reel,xgboost,prophet,arima,moving_avg,ensemble_top2_cv0,ensemble_top2_cv1,ensemble_top2_cv2,ensemble_top2_cv3,ensemble_top2_cv4,ensemble_top2_cv5,ensemble_top2_cv6,ensemble_top2_cv7,ensemble_post
00073,decaissements,1,147900000.0,302475140.0,144097359.69684285,143987716.83158952,185934041.42857143,220694392.41981748,226549068.55522937,210875132.40618134,222014718.0839643,225908158.5592769,215055900.315625,229369426.26095054,211919678.9701902,144050513.515996
00073,decaissements,2,172668200.0,188911780.0,132906882.30809052,139469239.35479558,204453118.77551022,159992804.99761915,162063115.53208026,156520563.21452028,160459692.59658042,161836479.53878167,157998946.97718996,163060437.8819615,156889930.34333783,135710725.1690129
00073,decaissements,3,72645450.0,162276770.0,133881276.08720864,139849037.04132515,188964587.17201167,147614331.89060092,148664014.35665825,145853837.49184656,147851048.41053885,148549105.57262254,146603411.7620958,149169672.99618363,146041114.2005641,136431070.89840263
00073,decaissements,4,129057000.0,119104730.0,118310887.55191511,139817113.3937173,184830928.19658476,118694815.4279409,118724158.91119997,118645601.39832382,118701435.21551722,118720951.3592236,118666557.9234887,118738298.33076778,118650833.5034696,127499670.99706425
00073,decaissements,5,223812500.0,142816200.0,226776687.12086272,139819796.71516114,192412517.93895403,186170459.5021721,183066718.3359058,191375922.39452052,185470517.11083263,183406493.80135268,189159580.47424942,181571579.53068888,190822173.92175636,189623351.11113542
