Code_Agence,Composante,Jour,Reel,xgboost,prophet,arima,moving_avg,ensemble_top2_cv0,ensemble_top2_cv1,ensemble_top2_cv2,ensemble_top2_cv3,ensemble_top2_cv4,ensemble_top2_cv5,ensemble_top2_cv6,ensemble_top2_cv7,ensemble_post
00073,Besoin,1,-36842700.0,-98308440.0,45466770.72028342,59726037.791558154,38838063.28571428,-20225499.962968446,-27557405.25696013,25269891.298814945,7852841.906298123,-18646489.112528645,14004297.91748511,-37566249.65741336,-4197160.477588568,40377980.15879709
00073,Besoin,2,111715565.0,-15864609.0,30236503.224073455,59561463.9006692,29470073.75510204,9172464.0215924,6821509.87048066,23760431.34322383,18175704.21308276,9678768.945519632,20148150.80400888,3612202.559795508,14311904.84698569,29648123.198820423
00073,Besoin,3,56289977.0,38341110.0,20537716.91364316,59569184.50721374,21133865.005830903,28672257.498936106,29580154.28375282,23038656.08774246,25195373.991914306,28476732.993462168,24433651.82919714,30819528.53587338,26687501.879069485,20995373.676250037
00073,Besoin,4,-33716754.0,100613890.0,23100743.795418303,59568822.31266943,24531777.863806747,58517240.86889908,62470072.557749584,33989432.764633045,43379440.462213404,57665952.808465704,40063022.9810827,67866112.86845857,49875924.44004308,24199333.94021835
00073,Besoin,5,1418795.0,102483224.0,54061272.220567845,59568839.304195575,12321271.130064854,76185723.54789001,78655032.48543112,60863364.835287526,66729240.38813066,75653931.51880765,64657496.07899443,82025905.80299544,70787550.67335556,22017902.42601802
