Code_Agence,Composante,Jour,Reel,xgboost,prophet,arima,moving_avg,ensemble_top2_cv0,ensemble_top2_cv1,ensemble_top2_cv2,ensemble_top2_cv3,ensemble_top2_cv4,ensemble_top2_cv5,ensemble_top2_cv6,ensemble_top2_cv7,ensemble_post
00005,Besoin,1,207827810.0,178098900.0,67674587.19748424,80979970.73209254,43991712.28571428,73952508.80481128,89465453.05107741,103923582.5608145,73182338.29099342,86581127.97189248,118958559.29021862,98462746.28851707,81127617.36466067,56062259.167564794
00005,Besoin,2,-122475400.0,133745320.0,39061014.925570205,81590045.29537337,39727756.89795918,60732158.88316569,71607705.11887148,81743764.82098708,60192220.75633608,69585612.71204133,92284224.60698423,77915376.5563617,65762358.96199922,39387935.813491985
00005,Besoin,3,-62489900.0,75972824.0,32177466.046904065,81550754.19889334,20493320.59766764,32887959.33421006,39305590.29604225,45286851.81751271,32569344.11531136,38112359.86498033,51506747.915218964,43027728.5294807,35856267.46115501,26448426.38380162
00005,Besoin,4,25036000.0,71469544.0,45687577.27404994,81553284.69328783,9819766.397334443,23592902.85110466,30724284.579417586,37370762.888011746,23238852.118290063,29398345.912549924,44282420.714789405,34860387.151464514,26891337.9302728,28100658.997986436
00005,Besoin,5,114454650.0,138485400.0,158531969.42387244,81553121.71993117,16485393.739810793,43741336.77714816,57853775.45109408,71006628.65936114,43040697.30010543,55229848.244436085,84684248.03377451,66038796.8444628,50268676.18184948,88882847.91665475
