Code_Agence,Composante,Jour,Reel,xgboost,prophet,arima,moving_avg,ensemble_top2_cv0,ensemble_top2_cv1,ensemble_top2_cv2,ensemble_top2_cv3,ensemble_top2_cv4,ensemble_top2_cv5,ensemble_top2_cv6,ensemble_top2_cv7,ensemble_post
00005,decaissements,1,198253500.0,348218240.0,252151865.63115698,285344645.4275678,238493335.7142857,288854334.800529,298072350.82885617,278876311.9628748,292064051.84538317,289616181.7192592,301103420.65144205,294435540.1378151,278109871.4284509,246012040.89567494
00005,decaissements,2,467630700.0,487148450.0,258816549.9434493,289569648.5641911,255498383.67346936,346051498.7298713,367961007.30875707,322335589.4508059,353680371.9726883,347862275.6151857,375165297.5798489,359316983.3725328,320513897.77346873,257324957.5491829
00005,decaissements,3,236539200.0,520726560.0,264013220.780424,289769685.0111708,253432738.48396498,362091388.5210738,386724220.3694942,335427620.2323971,370668522.20820725,364127241.39975774,394824017.7251692,377005760.20529246,333379485.1588626,259257049.55903316
00005,decaissements,4,201331900.0,387788500.0,242037245.35513723,289779155.910677,272487986.8388171,297721982.1967336,311707511.0718519,282583403.03234464,302591729.90724546,298877858.73894644,316306228.5314751,306189756.4680381,281420553.01350534,255725557.12171513
00005,decaissements,5,351039900.0,450924380.0,335226333.4988082,289779604.3186487,265640242.10150528,379429155.2149917,390530917.76891756,367412066.2985254,383294773.85438865,380346687.12670934,394181405.0604876,386150903.65477085,366488994.86884654,303945777.8455289
