Code_Agence,Composante,Jour,Reel,xgboost,prophet,arima,moving_avg,ensemble_top2_cv0,ensemble_top2_cv1,ensemble_top2_cv2,ensemble_top2_cv3,ensemble_top2_cv4,ensemble_top2_cv5,ensemble_top2_cv6,ensemble_top2_cv7,ensemble_post
00005,encaissements,1,406081310.0,601901000.0,326480032.0136395,365991269.93724453,282485048.0,485128687.5466733,433278269.1575228,473567775.6218157,457815067.71515834,415922512.02095354,437689574.3375398,479796693.0473062,412945733.5186871,307086435.8829655
00005,encaissements,2,345155300.0,600411600.0,296654131.3101405,363096234.68656325,295226140.5714286,471625254.92471814,414440232.7571842,458874886.5191473,441501467.7859909,395298840.8265512,419305390.97780645,465744681.25153965,392015798.4079515,296024653.2847289
00005,encaissements,3,174049300.0,474951740.0,285855713.7530785,363201750.5385214,273926059.0816327,394779288.1909013,359180281.0721054,386841892.4797514,376026537.37255514,347264326.63718426,362208953.05337083,391118479.7661994,345220558.3490375,280596957.3320124
00005,encaissements,4,226367900.0,405317570.0,283549409.49848896,363197904.7839622,282307753.2361516,353690602.93911725,330766677.7873465,348579327.3105296,341614798.9431454,323093414.68811107,332716992.88417304,351333241.8763056,321777327.74128807,283002070.28187674
00005,encaissements,5,465494550.0,501822400.0,502802400.37078303,363198044.9508457,282125635.8413161,502237895.155966,502422383.3089035,502279023.5258331,502335071.87690735,502484161.1523005,502406694.48507863,502256865.7374749,502494732.1568,405525036.99268705
