Code_Agence,Composante,Jour,Reel,xgboost,prophet,arima,moving_avg,ensemble_top2_cv0,ensemble_top2_cv1,ensemble_top2_cv2,ensemble_top2_cv3,ensemble_top2_cv4,ensemble_top2_cv5,ensemble_top2_cv6,ensemble_top2_cv7,ensemble_post
00087,encaissements,1,138487175.0,230803920.0,71294981.11578566,123393736.6268762,159013114.2857143,180667535.8842318,182546986.43946445,184389975.62054315,163711263.3436873,164143639.3225497,185254943.76856554,165138116.59207428,179347308.35722488,97315712.81192312
00087,encaissements,2,243400525.0,100638010.0,54947187.69586326,118537045.75187047,166619719.8979592,108992829.98254341,108679630.82974082,108372516.88740134,111818457.85669291,111746408.07211116,108228379.5770258,111580680.34523013,109212834.81909975,86707152.37906176
00087,encaissements,3,61869700.0,95607230.0,58783194.0327023,118967872.30155897,160468419.1690962,106511397.04691604,106102627.29868416,105701801.07698876,110199213.18404174,110105177.14023332,105513682.3550059,109888884.48766051,106798529.35434738,88842441.13158743
00087,encaissements,4,186047750.0,107086500.0,54146365.44058644,118929654.6095762,153691743.33610994,112614585.98359513,112407352.96786898,112204146.49929668,114484200.89988206,114436530.69846101,112108775.5413183,114326871.89486419,112760156.54125142,86502389.48228785
00087,encaissements,5,211713575.0,122164560.0,143877514.27611607,118933044.81842369,166754753.09841138,120656168.44834284,120712708.11080158,120768163.47178715,120146030.55860946,120159038.71016276,120794189.21272919,120188952.51738812,120616448.67648631,131418995.05250552
