Code_Agence,Composante,Jour,Reel,xgboost,prophet,arima,moving_avg,ensemble_top2_cv0,ensemble_top2_cv1,ensemble_top2_cv2,ensemble_top2_cv3,ensemble_top2_cv4,ensemble_top2_cv5,ensemble_top2_cv6,ensemble_top2_cv7,ensemble_post
00087,Besoin,1,-16356325.0,66732972.0,6097344.648949364,31378688.087872166,23878157.14285714,46227009.228330694,48997407.331711724,53828024.36958629,43664529.73950972,39300696.425739914,46621491.83053118,39175789.00439826,48919175.78111777,14467420.75646755
00087,Besoin,2,12651825.0,38766496.0,231728.52414464738,30803729.745310184,17638983.163265307,28657014.13763498,30022826.548385605,32404330.69728759,27393706.87140467,25242326.937512174,28851493.110081796,25180747.47952653,29984257.68002655,8425957.342558315
00087,Besoin,3,-14620800.0,32338372.0,-3874968.99264881,30817472.161596984,16383291.472303206,24703889.60738026,25735325.597280845,27533790.00190445,23749864.987201028,22125187.07484164,24850757.37756961,22078682.70939254,25706200.522977516,5661332.1159575805
00087,Besoin,4,11704150.0,19929158.0,-10726776.228270568,30817143.696051884,8253168.825489379,14342215.50669758,15097022.273444455,16413146.559401784,13644055.933933396,12455109.770735938,14449694.064124985,12421078.406561844,15075709.043790009,-1792224.7463900112
00087,Besoin,5,48470575.0,30335164.0,31016610.262795042,30817151.546899367,11452153.657702148,21299672.79673025,22520386.648392513,24648889.610516407,20170573.660454854,18247749.25642211,21473492.302048355,18192711.327850327,22485916.01463633,21806907.902851038
