Code_Agence,Composante,Jour,Reel,xgboost,prophet,arima,moving_avg,ensemble_top2_cv0,ensemble_top2_cv1,ensemble_top2_cv2,ensemble_top2_cv3,ensemble_top2_cv4,ensemble_top2_cv5,ensemble_top2_cv6,ensemble_top2_cv7,ensemble_post
00087,decaissements,1,154843500.0,184434770.0,36253221.17789431,95224775.22784764,135134957.14285713,142876393.22690487,145332607.2258212,152239893.8245941,141719912.028512,129755759.12853205,144630324.83825672,142916452.86063007,136361245.55210721,157726824.6765346
00087,decaissements,2,230748700.0,115049190.0,30444552.32585344,93229188.54959643,148980736.73469386,104884367.61036527,105485137.80944955,107174597.21620882,104601504.11214253,101675174.62958796,105313365.57295856,104894163.10412323,103290818.82473359,133431452.41437429
00087,decaissements,3,76490500.0,105993910.0,35087205.98178932,93346649.39764802,144085127.696793,100102198.6029567,100450414.76945421,101429659.50462705,99938245.83856983,98242093.2924615,100350851.21952167,100107877.36611652,99178548.18410864,126629654.61960305
00087,decaissements,4,174343600.0,112300630.0,34650300.725984305,93339735.61586377,145438574.51062056,103467717.82615739,103989768.3488115,105457860.39916205,103221919.43318678,100679031.66437525,103840502.37154265,103476231.69305651,102082974.48199175,130252962.23784141
00087,decaissements,5,163243000.0,92476250.0,68653922.13569379,93340142.56319433,155302599.4407092,92878691.40207428,92854906.72030623,92788019.26184013,92889894.28466977,93005753.09247285,92861707.9466472,92878305.08628634,92941781.77796872,126512136.60754149
