Code_Agence,Composante,Jour,Reel,xgboost,prophet,arima,moving_avg,ensemble_top2_cv0,ensemble_top2_cv1,ensemble_top2_cv2,ensemble_top2_cv3,ensemble_top2_cv4,ensemble_top2_cv5,ensemble_top2_cv6,ensemble_top2_cv7,ensemble_post
00085,Besoin,1,2043350.0,-23101384.0,16052730.415660141,3702414.9706599237,-7263482.142857143,-8222393.694351428,-2642530.8321206328,-5678746.596638674,-7081485.721907744,-4524445.04262384,-16633293.010224277,-4341189.448108228,-12216379.88726635,899464.6022692001
00085,Besoin,2,-3194450.0,-14313925.0,17486228.249717932,3957228.142025034,-8998576.020408163,-4171470.992700348,-367885.31192732556,-2437560.9404433616,-3393755.850871376,-1650716.3879469163,-9904867.408380589,-1525797.6575708725,-6894022.437787623,645645.3618868436
00085,Besoin,3,21729750.0,257521.66,9524080.539520267,3940161.059750134,-15276186.880466474,2301782.3951091757,3068413.4946306567,2651260.318009617,2458534.620325116,2809852.738042038,1146188.5445581975,2835030.6337986835,1753038.913367385,-971654.9987610416
00085,Besoin,4,1471000.0,12426410.0,7334065.777796615,3941304.1925631585,-15662806.434818828,7716264.003578268,5949882.726383781,6911037.892742647,7355094.339577105,6545628.1822767425,10378847.94366309,6487616.291972168,8980614.35754788,-1069626.3802998462
00085,Besoin,5,-3791325.0,14114237.0,12716416.069383059,3941227.6268908796,-12802185.92550723,8467123.001399605,6349363.535195392,7501717.1245764615,8034107.578366555,7063618.116819117,11659362.467409771,6994065.953041589,9982984.764282277,-338491.27790928306
