Code_Agence,Composante,Jour,Reel,xgboost,prophet,arima,moving_avg,ensemble_top2_cv0,ensemble_top2_cv1,ensemble_top2_cv2,ensemble_top2_cv3,ensemble_top2_cv4,ensemble_top2_cv5,ensemble_top2_cv6,ensemble_top2_cv7,ensemble_post
00085,encaissements,1,19870850.0,18723970.0,53930288.67904159,22295734.26928087,22890517.85714286,19858886.962647844,19982381.02973126,20502744.203165315,20279338.67245184,20630997.150211122,20024553.825670023,20616692.03644357,20973123.354323596,22598884.082658086
00085,encaissements,2,24881050.0,16196278.0,54048745.04650694,22213710.4157153,24541281.12244898,18108298.13555537,18316351.22034263,19193019.505397297,18816643.36935915,19409090.181403972,18387400.545700766,19384990.572058987,19985478.126600258,23400028.66619856
00085,encaissements,3,40471000.0,13284134.0,47601249.48899199,22217741.678466376,20719506.99708455,16122760.056890793,16431640.52295918,17733159.614483967,17174383.832660742,18053943.04303415,16537121.44617096,18018164.28853645,18909660.627849415,21454120.130520165
00085,encaissements,4,16793000.0,12856056.0,44674986.87834271,22217543.552206006,21718700.853810914,15830640.10288117,16154313.718715847,17518170.445628777,16932631.556126405,17854317.75996143,16264847.30261478,17816824.798956722,18751019.867001392,21963292.97433339
00085,encaissements,5,39754575.0,17023372.0,66406669.43397423,22217553.289605297,22160679.547212474,18673807.196909837,18853396.14941599,19610126.294950813,19285241.796397544,19796635.958929077,18914724.84828617,19775833.458926212,20294167.498678185,22188565.831403192
