Code_Agence,Composante,Jour,Reel,xgboost,prophet,arima,moving_avg,ensemble_top2_cv0,ensemble_top2_cv1,ensemble_top2_cv2,ensemble_top2_cv3,ensemble_top2_cv4,ensemble_top2_cv5,ensemble_top2_cv6,ensemble_top2_cv7,ensemble_post
00085,decaissements,1,17827500.0,33082968.0,5157449.717494531,17434219.00762167,30154000.0,27208931.065356083,23223571.552061286,25508205.842644367,24851527.42587457,25214672.123472627,25353980.649984166,25283880.40970306,23563447.94845499,22708976.978172824
00085,decaissements,2,28075500.0,22465300.0,3346328.8185750134,17703616.13964589,33539857.14285714,20677917.08389221,19465231.02873695,20160411.279205177,19960593.735777713,20071093.80637151,20113483.096941438,20092152.639279995,19568649.860991105,19308647.33437112
00085,decaissements,3,18741250.0,12376951.0,12338358.066191265,17720438.37667527,35995693.87755102,14382724.61060658,15743581.773874467,14963461.067728259,15187692.945917416,15063692.139856141,15016123.174958523,15040059.57364226,15627525.742224824,15919297.513464328
00085,decaissements,4,15322000.0,10020795.0,12966997.673120245,17721488.82460152,37381507.28862973,12911387.914971733,14872568.85201487,13748309.036090879,14071457.494856061,13892755.31211129,13824201.99588186,13858697.600117916,14705316.755578203,15125799.134628827
00085,decaissements,5,43545900.0,16970438.0,15835353.03388903,17721554.418781642,34962865.4727197,17252383.536917195,17443673.92921745,17334015.286894068,17365534.99822715,17348104.293304525,17341417.893140443,17344781.791210055,17427360.658134013,17468374.11883633
