Code_Agence,Composante,Jour,Reel,xgboost,prophet,arima,moving_avg,ensemble_top2_cv0,ensemble_top2_cv1,ensemble_top2_cv2,ensemble_top2_cv3,ensemble_top2_cv4,ensemble_top2_cv5,ensemble_top2_cv6,ensemble_top2_cv7,ensemble_post
00064,encaissements,1,186302975.0,396433660.0,206273136.01773176,203727776.8796345,179093192.14285713,298147359.64147115,269749084.8211839,283116681.02631986,318239230.7970223,317153718.8422882,326403073.2806379,311121940.19746536,305479493.8936699,195110343.8213387
00064,encaissements,2,164011925.0,308268060.0,179957944.93048742,201582336.16671365,192329169.59183672,241949747.85557032,222788107.34375316,231807844.82331443,255506652.3555069,254774203.97903803,261015187.21709523,250704283.10326627,246897075.27529788,185038802.0045594
00064,encaissements,3,128875950.0,239782160.0,159018753.58646798,201667325.84641615,185826350.9620991,198038813.27865335,185977730.5121078,191655112.2308692,206572073.23867846,206111040.5491797,210039349.20455182,203549268.96115106,201152856.51327774,170028623.2229307
00064,encaissements,4,216385050.0,223332690.0,165536237.47756717,201663959.0576662,194474912.52811328,193460037.55576274,184828801.6925562,188891684.23331174,199566661.44182095,199236728.8564303,202047932.60483265,197403463.9862611,195688526.6112266,177421339.87201357
00064,encaissements,5,411992200.0,276755070.0,324588720.2062414,201664092.42993596,199407342.8892723,301478356.06619394,308621754.49405766,305259231.71876895,296424388.18050766,296697415.4434962,294370807.26960564,298214680.8536552,299634003.84335995,273176778.0668265
