Code_Agence,Composante,Jour,Reel,xgboost,prophet,arima,moving_avg,ensemble_top2_cv0,ensemble_top2_cv1,ensemble_top2_cv2,ensemble_top2_cv3,ensemble_top2_cv4,ensemble_top2_cv5,ensemble_top2_cv6,ensemble_top2_cv7,ensemble_post
00064,decaissements,1,327079500.0,347949120.0,190702061.52347198,167385132.44779104,173809752.85714287,255083924.4080292,253926039.78855723,258779162.9291246,253039913.98256597,270947773.36533403,266723231.05498868,259899857.6080136,258839183.5175682,179683739.7485052
00064,decaissements,2,137249250.0,236400530.0,177736470.72377563,167795058.80992433,186174606.8367347,201116304.13884848,200676368.18740332,202520313.49553034,200339678.09419304,207143786.06972677,205538674.56095356,202946119.93339962,202543117.81320158,173038696.20086268
00064,decaissements,3,85765700.0,195959150.0,173391370.5089727,167798806.23697877,182740843.52769682,181476111.4643764,181295527.54344642,182052412.1297678,181157327.84072673,183950192.15640384,183291352.3239369,182227187.3089289,182061767.20169145,170748626.58261746
00064,decaissements,4,129971000.0,177894030.0,181558365.35820466,167798840.4948622,182303243.3173678,172702017.08342338,172637281.38217333,172908613.0477254,172587729.8475741,173588942.76564538,173352759.73468965,172971268.0142622,172911968.1082608,175056356.79940668
00064,decaissements,5,334270700.0,224180160.0,310841298.5372221,167798840.80803776,187161163.79127747,195182889.24449152,194821345.54524976,196336741.2023844,194544650.01218748,200136398.89919883,198817279.87557024,196686668.16697747,196355480.2628157,243247156.03129232
