Code_Agence,Composante,Jour,Reel,xgboost,prophet,arima,moving_avg,ensemble_top2_cv0,ensemble_top2_cv1,ensemble_top2_cv2,ensemble_top2_cv3,ensemble_top2_cv4,ensemble_top2_cv5,ensemble_top2_cv6,ensemble_top2_cv7,ensemble_post
00064,Besoin,1,-140776525.0,4688985.5,25760256.50088637,38331775.55313368,5283439.285714285,15786933.613934625,18588176.155052006,17471568.463481933,17835920.209224615,20788865.608562045,14563342.118266352,21050235.475705888,18394185.955454748,20237896.250923604
00064,Besoin,2,26762675.0,28602588.0,16007468.399840707,38341214.9100271,6154562.75510204,21968912.01784575,20294500.942935,20961940.0759909,20744152.59735955,18979062.03449828,22700300.43903262,18822831.54458922,20410455.190299585,33103553.90093517
00064,Besoin,3,43110250.0,27729504.0,10758532.257555662,38341222.79070046,3085507.434402332,18791126.683826685,16534984.12722055,17434308.589705285,17140856.662473828,14762530.322379816,19776617.527573377,14552021.078656122,16691224.047667101,32633992.5431981
00064,Besoin,4,86414050.0,38654388.0,13507187.659927294,38341222.79727983,12171669.210745523,25409703.606850993,22066602.918415703,23399200.788100168,22964370.957850505,19440221.47227478,26869982.282710865,19128292.785759524,22298116.687212728,38509650.54623893
00064,Besoin,5,77721500.0,41802760.0,34665731.24369821,38341222.79728532,12246179.097994883,38043784.94050755,37094979.89420591,37473184.40992963,37349774.396781765,36349585.80946943,38458228.3206916,36261057.51114428,37160685.181940034,40202918.54624147
