Code_Agence,Composante,Jour,Reel,xgboost,prophet,arima,moving_avg,ensemble_top2_cv0,ensemble_top2_cv1,ensemble_top2_cv2,ensemble_top2_cv3,ensemble_top2_cv4,ensemble_top2_cv5,ensemble_top2_cv6,ensemble_top2_cv7,ensemble_post
00062,Besoin,1,17342000.0,-57790816.0,15499894.020407448,7885909.482902579,15581375.42857143,-13881804.71200879,-25640536.400766294,-20445532.19913397,-25246124.849301066,-6451310.344850829,-14855815.681152975,-10443614.823144693,-8576577.593394108,11772139.804931553
00062,Besoin,2,152078900.0,-42966424.0,9023441.534510909,6714627.448158516,26289460.775510203,-9751524.243922517,-18646398.123721972,-14716645.850033626,-18348046.516706772,-4130738.691480861,-10488312.66507836,-7150711.196444724,-5738393.815162522,7893062.112178813
00062,Besoin,3,-51396000.0,-25045354.0,9453037.164635219,6735575.969899115,29246058.743440233,-3797808.3427311545,-9487852.336445767,-6973993.043290561,-9296996.926478025,-202196.22881565057,-4269131.938251827,-2134070.6360826893,-1230612.2366132839,8122586.941867979
00062,Besoin,4,-11666900.0,9867975.0,7476236.9420945775,6735201.303038275,38427067.13536026,7773519.16896403,8334409.755435754,8086608.412596129,8315596.41540238,7419085.39404163,7819979.6298921835,7609518.011729762,7520460.510283912,7113431.013910323
00062,Besoin,5,-175385150.0,-7273546.5,28454795.604051705,6735208.00400068,39519530.29755459,2092184.8989778478,-415936.4642877262,692150.4729160243,-331809.01407955587,3677099.007184972,1884429.7605282376,2825545.8425402585,3223782.406587324,17821035.60156281
