Code_Agence,Composante,Jour,Reel,xgboost,prophet,arima,moving_avg,ensemble_top2_cv0,ensemble_top2_cv1,ensemble_top2_cv2,ensemble_top2_cv3,ensemble_top2_cv4,ensemble_top2_cv5,ensemble_top2_cv6,ensemble_top2_cv7,ensemble_post
00062,encaissements,1,111387000.0,178969020.0,99760235.71488118,116962031.62040722,123144050.42857143,133865998.45299578,121644663.12333944,134584005.13713717,144514246.47401473,121205277.72684051,134744766.89459816,147136125.55926514,139887065.25500977,109082438.30875978
00062,encaissements,2,197064400.0,170042160.0,83549019.96963057,112997519.39961518,122661589.34693877,120791289.56570297,107446025.24916688,121575318.1721274,132418780.83723271,106966233.54530108,121750861.70413083,135281785.6446048,127366069.70063095,99508102.33985242
00062,encaissements,3,95131000.0,148592000.0,81201121.39962563,113271652.30552813,124603991.39650145,110218326.54980177,99820402.51650476,110829202.16903733,119277859.83920357,99446574.62914833,110965978.92226863,121508558.18654455,115341046.45059678,98581166.3693503
00062,encaissements,4,83931100.0,183093170.0,78243962.67682043,113252696.92188469,131560204.45314452,123389990.97782362,107212526.80600435,124340420.37469631,137485142.6877895,106630911.06785607,124553218.88443452,140955749.63038942,131360115.62144835,97216313.87666827
00062,encaissements,5,120523850.0,222417420.0,166273428.6770736,113254007.62396137,137839297.9464509,190447941.47391468,181785333.30514526,190956873.54631728,197995530.62082797,181473895.64172634,191070818.2154541,199853947.6049491,194715728.65880013,137540511.06883216
