Code_Agence,Composante,Jour,Reel,xgboost,prophet,arima,moving_avg,ensemble_top2_cv0,ensemble_top2_cv1,ensemble_top2_cv2,ensemble_top2_cv3,ensemble_top2_cv4,ensemble_top2_cv5,ensemble_top2_cv6,ensemble_top2_cv7,ensemble_post
00062,decaissements,1,94045000.0,245511250.0,98617432.13821921,111976380.46606477,107562675.0,140456467.55197102,141018334.82574707,176031618.90641516,143561496.59145236,154642489.847844,156235610.6262248,160992966.35329735,160260063.85118234,102829028.33210307
00062,decaissements,2,44985500.0,190590620.0,97234419.40636386,112038775.27988146,96372128.57142857,123824603.51230668,124181688.71229123,146433872.6896835,125797958.50213778,132840323.89543939,133852803.96817105,136876278.45206475,136410491.66287756,96828435.92949808
00062,decaissements,3,146527000.0,147985380.0,92123778.97714427,112038034.31600234,95357932.65306123,108034561.57902129,108248230.61839017,121563275.69593902,109215360.64778623,113429301.31366241,114035140.20810995,115844293.76456428,115565584.37708369,93646482.10800323
00062,decaissements,4,95598000.0,141719760.0,94209769.76078402,112038043.11525081,93133137.31778426,107741805.9006969,107923528.17236328,119247909.03881882,108746067.55687466,112330002.64602304,112845266.18418732,114383942.07919067,114146900.35818014,93702870.04109915
00062,decaissements,5,295909000.0,186639460.0,155042327.6963691,112038043.01075615,98319767.6488963,164041978.52661955,164162840.55236924,171694265.65944743,164709881.172808,167093423.1171233,167436106.63596338,168459417.03155124,168301772.1440972,128336231.31703302
