Code_Agence,Composante,Jour,Reel,xgboost,prophet,arima,moving_avg,ensemble_top2_cv0,ensemble_top2_cv1,ensemble_top2_cv2,ensemble_top2_cv3,ensemble_top2_cv4,ensemble_top2_cv5,ensemble_top2_cv6,ensemble_top2_cv7,ensemble_post
00034,Besoin,1,18383560.0,-87940170.0,-13371273.377810499,4788998.7205770835,-27548171.42857143,-14622745.054237714,-25111583.13237179,-32797184.02334024,-32959882.51402931,-42284365.77970338,-47243090.98277599,-34410010.57279119,-27243457.86261551,-4645966.687187771
00034,Besoin,2,-32809400.0,-106365620.0,-11109870.645574525,9180305.197715351,-24159138.775510203,-15007854.223108115,-28077554.377261274,-37654258.53941255,-37856989.753769316,-49475841.884898566,-55654693.57405309,-39663934.61908556,-30733996.75607973,-1361227.77942013
00034,Besoin,3,-657100.0,-116036390.0,-9910625.99658621,9740843.22885089,-26563476.457725946,-16589120.144547042,-30816110.21062994,-41240809.0145136,-41461491.71536979,-54109161.391899645,-60835140.027428806,-43428438.47301874,-33707771.55187172,-468856.8983964836
00034,Besoin,4,-159538350.0,-43379340.0,-15705679.262146262,9812394.346037788,-38111826.66597251,-1322660.400518136,-7339315.7992218435,-11747965.919220183,-11841292.159386586,-17190048.7406691,-20034493.594548475,-12673123.858757073,-8562212.125294829,-3445234.199483325
00034,Besoin,5,96869400.0,-46135840.0,5693957.263648751,9821527.646699514,-43421723.33254001,-1892480.047438139,-8221962.537490904,-12859834.645810656,-12958014.910720069,-18584871.901538618,-21577209.1615249,-13833095.439882284,-9508441.841292234,7677094.811595881
