Code_Agence,Composante,Jour,Reel,xgboost,prophet,arima,moving_avg,ensemble_top2_cv0,ensemble_top2_cv1,ensemble_top2_cv2,ensemble_top2_cv3,ensemble_top2_cv4,ensemble_top2_cv5,ensemble_top2_cv6,ensemble_top2_cv7,ensemble_post
00034,encaissements,1,186264860.0,318914270.0,200505897.09436166,226226052.0505923,194004078.57142857,258562792.86261767,238086616.46858448,253816752.64395642,228047125.28019923,251736880.04721937,264398934.52927405,247020515.91816652,253098901.16437972,197935218.22762746
00034,encaissements,2,220153600.0,306740000.0,185544621.2531329,223772180.3579654,204799596.9387755,244968023.06039807,224009888.9022553,240110273.99722368,213734100.0702571,237981433.7162518,250941515.34981796,233154062.4213926,239375527.37102324,193157623.50780565
00034,encaissements,3,166184800.0,250953220.0,178372387.81211197,223887445.06729084,193294178.64431486,213959548.61419046,201408259.4727866,211050362.57621354,195254346.5085391,209775459.6782803,217536931.50782043,206884472.95391476,210610342.08734816,184272142.19788462
00034,encaissements,4,87349650.0,234263790.0,159796015.57517108,223882030.78533968,188935493.45064554,196308362.9592904,183430771.1527564,193323552.02802122,177116871.37914908,192015501.09993654,199978750.134333,189049353.1966821,192872087.77112103,171317136.88883686
00034,encaissements,5,394450400.0,327222500.0,338184082.15230745,223882285.10818678,189921742.51502347,332809502.871823,334705069.22791874,333248862.3377743,335634465.8454604,333441399.9143718,332269220.1621097,333878017.79244924,333315320.64495325,279564349.55075836
