Code_Agence,Composante,Jour,Reel,xgboost,prophet,arima,moving_avg,ensemble_top2_cv0,ensemble_top2_cv1,ensemble_top2_cv2,ensemble_top2_cv3,ensemble_top2_cv4,ensemble_top2_cv5,ensemble_top2_cv6,ensemble_top2_cv7,ensemble_post
00034,decaissements,1,167881300.0,387810140.0,230135702.65029508,216372338.47776774,221552250.0,293699362.0919553,298558975.09634256,306727534.6377182,302533241.9728832,301975606.2638049,309796911.61768055,319252431.43928576,304859195.2232343,225766900.98630768
00034,decaissements,2,252963000.0,341931970.0,213446150.01996285,216244821.08040377,228958735.7142857,265242930.43341237,269202942.2293062,275859326.98893195,272441494.1809251,271987088.8681808,278360505.3472134,286065626.0049416,274336859.3619713,221341738.5383867
00034,decaissements,3,166841900.0,361079420.0,202544724.44330716,216246094.04334366,219857655.1020408,266455181.12237912,271341309.8955527,279554425.99409044,275337262.092883,274776573.92850584,282640554.39170766,292147658.1030783,277675903.6501023,211356651.68889797
00034,decaissements,4,246888000.0,272095200.0,196797288.7097388,216246081.33578625,227047320.11661807,227152306.11138004,229473038.56601304,233373948.4741097,231370953.94628495,231104650.94204462,234839736.08775836,239355249.38076836,232481722.80002984,212193935.36584884
00034,decaissements,5,297581000.0,378488420.0,333968432.96030855,216246081.46264148,233343465.8475635,351915881.7827181,353288006.97551966,355594425.17743874,354410154.5075385,354252701.9183714,356461072.61299944,359130882.64192814,355066899.26740026,282752384.8650559
