Code_Agence,Composante,Jour,Reel,xgboost,prophet,arima,moving_avg,ensemble_top2_cv0,ensemble_top2_cv1,ensemble_top2_cv2,ensemble_top2_cv3,ensemble_top2_cv4,ensemble_top2_cv5,ensemble_top2_cv6,ensemble_top2_cv7,ensemble_post
00026,decaissements,1,173497200.0,326642530.0,197744308.91058436,183775608.21670943,178457457.14285713,252427697.78601986,240351676.29674703,240636001.76208308,242046093.681143,240794077.68085623,269511151.5431489,246631068.18630984,272951679.5908011,181096641.4818285
00026,decaissements,2,103123330.0,344713200.0,183883838.9174415,184383729.7870609,193461093.87755102,252113606.7919237,237046063.0595597,237400826.6602132,239160234.0468505,237598059.5496397,273429042.66825616,244881016.5088839,277721868.1981962,188956363.41501278
00026,decaissements,3,342392775.0,261399580.0,177939860.90900737,184388877.99592316,203791893.00291544,213346555.66319516,205527509.7262953,205711608.85837907,206624624.7595675,205813962.79498965,224407845.54660657,209593325.53808337,226635550.80148044,194162957.56573772
00026,decaissements,4,268207375.0,224143900.0,174932333.43554178,184388921.5794035,202501877.71761766,195809700.36005995,191199241.8478337,191307791.13821006,191846148.07195342,191368145.17892036,202331927.31938887,193596628.13011035,203645477.02395418,193513146.57617167
00026,decaissements,5,135680154.0,303810800.0,288448678.4880619,184388921.9483706,189466695.96299163,294965869.6417216,293526642.62993604,293560527.7465743,293728585.6123156,293579365.70643544,297001875.36129665,294275023.62627995,297411928.66045773,186946801.08409035
