Code_Agence,Composante,Jour,Reel,xgboost,prophet,arima,moving_avg,ensemble_top2_cv0,ensemble_top2_cv1,ensemble_top2_cv2,ensemble_top2_cv3,ensemble_top2_cv4,ensemble_top2_cv5,ensemble_top2_cv6,ensemble_top2_cv7,ensemble_post
00026,Besoin,1,53002125.0,104207540.0,117694504.92455196,125094246.04385209,99536439.14285715,112486917.27715667,112616948.14837983,113396749.18440522,112272491.74254294,112366743.87409405,107115411.87170401,112080056.2139409,115679053.95713778,108543255.46606794
00026,Besoin,2,125643350.0,72672720.0,81765827.93506505,111551878.40603608,95133901.87755103,78254796.69712132,78342464.87413958,78868218.98562843,78110230.28621972,78173774.93843475,74633253.25762947,77980486.04372382,80406982.2163154,88503031.16463342
00026,Besoin,3,138872485.0,43398620.0,65600702.49770879,113145229.33447392,57031623.574344024,57028033.23613131,57242086.49543497,58525788.88196265,56675053.54558174,56830206.95411972,48185534.09676616,56358265.12709547,62282890.974477835,61282082.89362068
00026,Besoin,4,-108142050.0,23446212.0,68607832.7248486,112957760.84675805,49756380.51353603,51170026.20184482,51605434.56518584,54216634.777062766,50452022.563279815,50767626.79254741,33183353.11415612,49807640.32910865,61859017.55361165,59107132.37964312
00026,Besoin,5,277983061.0,70600930.0,193942114.836223,112979817.77926376,55524824.8726126,146317610.54753888,147506757.79241604,154638222.97689348,144356666.15293455,145218613.80383003,97194097.09894156,142596790.30138606,175510382.87340975,124182969.50361435
