Code_Agence,Composante,Jour,Reel,xgboost,prophet,arima,moving_avg,ensemble_top2_cv0,ensemble_top2_cv1,ensemble_top2_cv2,ensemble_top2_cv3,ensemble_top2_cv4,ensemble_top2_cv5,ensemble_top2_cv6,ensemble_top2_cv7,ensemble_post
00026,encaissements,1,226499325.0,517259900.0,321604433.15039706,311344262.78507495,277993896.28571427,403626071.4422052,413103479.08120346,373301650.1164142,429749257.7233435,392643085.648378,449136188.2858016,417423094.5851798,403400705.35012233,300342203.31362236
00026,encaissements,2,228766680.0,549046400.0,271803406.8148213,298508255.6050084,288594995.75510204,388027722.42705846,401457186.58449805,345058137.6993896,425044174.0600295,372464869.878033,452515377.57297796,407578049.60885453,387708389.69287467,279990112.3461175
00026,encaissements,3,481265260.0,404268000.0,247140928.9693269,299378139.3412953,260823516.57725948,313010899.3594264,320622021.50374854,288657945.7497746,333989922.070043,304190675.38378596,349559179.82045233,324091021.03784096,312829913.4628564,253811847.13262212
00026,encaissements,4,160065325.0,340021920.0,248022076.9756379,299319188.16558766,252258258.2311537,286589761.25698614,291046169.179254,272330799.7564581,298873232.335798,281425407.9256153,307989227.6559747,293077299.07337487,286483790.2281178,250087418.65589494
00026,encaissements,5,413663215.0,454521150.0,493425818.74031174,299323183.22949374,244991520.83560422,477116415.6503799,475231901.90715814,483146199.90702355,471922004.2679887,479300314.5206943,468067054.2392298,474372976.27290344,477161217.90876436,372302174.75083816
