Code_Agence,Composante,Jour,Reel,xgboost,prophet,arima,moving_avg,ensemble_top2_cv0,ensemble_top2_cv1,ensemble_top2_cv2,ensemble_top2_cv3,ensemble_top2_cv4,ensemble_top2_cv5,ensemble_top2_cv6,ensemble_top2_cv7,ensemble_post
00063,decaissements,1,163517300.0,199975570.0,90500089.75093563,98836699.01956213,98293056.71428572,134240747.39581198,150969167.0977782,145122785.9163299,144042294.89095548,144691290.60383725,138251552.221048,156683417.32748377,144261365.47553328,94044213.6237275
00063,decaissements,2,68931400.0,154901100.0,83540757.43870547,98273026.01302291,106708350.53061225,112052607.04481849,122956840.91136223,119145942.62109616,118441636.74764103,118864673.20920223,114667001.80486,126681608.68644798,118584433.4741517,89803853.50956428
00063,decaissements,3,96902100.0,140674530.0,76430132.24789721,98267149.18367608,105864450.60641399,102098822.5095684,111915700.87923197,108484821.90208766,107850743.9581419,108231598.07227913,104452514.0537126,115269043.1748772,107979305.57489604,85713653.94585067
00063,decaissements,4,76968500.0,97066450.0,76558857.1811577,98267087.91211833,107978679.69304456,84752615.71507443,87886280.24558944,86791103.6379223,86588696.17647949,86710271.17542377,85503943.22160625,88956707.53626582,86629736.20506133,85787628.29067945
00063,decaissements,5,227077500.0,119235100.0,143788214.83310527,98267087.27330384,112219733.93490806,133978078.29401219,130226239.39481491,131537461.70752628,131779794.98616546,131634236.70613322,133078537.9945573,128944650.21228027,131730660.06627235,124435920.66858867
