Code_Agence,Composante,Jour,Reel,xgboost,prophet,arima,moving_avg,ensemble_top2_cv0,ensemble_top2_cv1,ensemble_top2_cv2,ensemble_top2_cv3,ensemble_top2_cv4,ensemble_top2_cv5,ensemble_top2_cv6,ensemble_top2_cv7,ensemble_post
00063,Besoin,1,21631200.0,120492390.0,61505000.325919606,60294819.860511,38170863.428571425,61914428.09122171,63879973.30642757,65878539.33630225,59983951.30559617,91029634.16525915,83757773.14896145,71072184.30539024,60045329.47356528,45316001.78907466
00063,Besoin,2,27605600.0,119947950.0,45385899.16321023,52403441.31740175,36503215.346938774,60570738.88557952,62563105.70737767,64588938.09995756,58613923.03301351,90083201.26975177,82712120.74528486,69853446.60455143,58676140.58350077,39223179.0275785
00063,Besoin,3,33929050.0,70867256.0,40925994.01969526,53111136.4017467,26595410.396501455,39364505.47694445,40421560.04624713,41496371.3897904,38326311.32404702,55022423.85705641,51111678.48213547,44289471.03938685,38359320.03949092,30983573.679546136
00063,Besoin,4,3324550.0,35038080.0,39872139.609693184,53047670.64228908,19657704.310287382,24093785.097225405,24461013.835729018,24834411.490224697,23733108.74366823,29533464.637310844,28174841.76540312,25804755.42776239,23744576.146658562,25847559.873794828
00063,Besoin,5,-34523625.0,59540444.0,98457488.9193124,53053362.22149125,18121647.783185575,30067851.19318512,31056787.59196341,32062332.892326638,29096562.65141005,44716716.17350561,41057991.91879048,34675436.284335084,29127444.323509447,42721259.19157956
