Code_Agence,Composante,Jour,Reel,xgboost,prophet,arima,moving_avg,ensemble_top2_cv0,ensemble_top2_cv1,ensemble_top2_cv2,ensemble_top2_cv3,ensemble_top2_cv4,ensemble_top2_cv5,ensemble_top2_cv6,ensemble_top2_cv7,ensemble_post
00063,encaissements,1,185148500.0,307650400.0,141834866.42688048,156774263.02471513,136463920.14285713,199604653.49646693,181318828.07439086,187958676.1675812,196708464.02423576,208045582.79063913,229865536.23882467,226751234.36326945,179485842.71621788,139759567.13079697
00063,encaissements,2,96537000.0,244059890.0,115013715.22909932,152982816.65847972,143211565.87755102,159973127.6794874,145742164.85362712,150909635.87680894,157719166.383404,166542298.58230406,183523708.0350247,181100005.19462445,144315639.13867864,125909184.38988239
00063,encaissements,3,130831150.0,170795150.0,103524099.44692934,153438103.25404474,132459861.00291546,126961194.17661667,119542670.43401197,122236442.81292368,125786215.14011574,130385662.35663557,139237977.50656006,137974512.94218457,118799029.64349182,114704692.66332507
00063,encaissements,4,80293050.0,149029540.0,101663702.44366702,153383431.27293822,127636384.00333194,118165859.62601116,112942446.84982827,114839144.18610327,117338554.22977178,120577044.34947073,126810000.2428607,125920386.38845274,112418844.44346383,111699380.49885619
00063,encaissements,5,192553875.0,241026300.0,221901972.11103824,153389996.42453113,130341381.71809365,228564849.82672837,226455852.1244505,227221658.61711678,228230821.0716526,229538382.60557047,232054996.12234402,231695797.08114517,226244446.43907073,186523545.527869
