Code_Agence,Composante,Jour,Reel,xgboost,prophet,arima,moving_avg,ensemble_top2_cv0,ensemble_top2_cv1,ensemble_top2_cv2,ensemble_top2_cv3,ensemble_top2_cv4,ensemble_top2_cv5,ensemble_top2_cv6,ensemble_top2_cv7,ensemble_post
00075,decaissements,1,78173600.0,163692910.0,110305807.46155831,114696845.63647608,99420050.0,128918831.74564447,128302941.05508989,136491833.61544526,138785143.47264302,143117145.38285503,144612968.69015652,146021519.6485599,143875001.11013734,104509070.44190645
00075,decaissements,2,79896778.0,167863870.0,103018964.28157213,114499268.06308334,106283485.71428572,125626664.79566447,124878599.39668356,134824971.93310153,137610465.13541505,142872193.34061497,144689037.30808872,146399891.05653962,143792689.06597877,104757343.28802013
00075,decaissements,3,75585500.0,157686000.0,95759978.30429167,114497768.97067611,105409797.95918368,117350030.83974758,116635636.09947431,126134287.67552878,128794399.58242345,133819281.65804712,135554341.77537018,137188187.33432737,134698341.93604052,100898570.36129943
00075,decaissements,4,56720500.0,161093700.0,93357946.82537645,114497757.5965206,113424483.3819242,116973517.95254439,116192100.82152227,126581893.11688724,129491563.25150114,134987866.01972044,136885706.8773644,138672839.21278653,135949400.20889884,104043508.73728828
00075,decaissements,5,114979050.0,175407250.0,192463442.13992688,114497757.51022078,116313552.4364848,186516927.92614114,186713690.71291953,184097487.32537627,183364814.55334172,181980821.20190385,181502946.61448413,181052936.97592488,181738700.5587862,151913128.00283808
