Code_Agence,Composante,Jour,Reel,xgboost,prophet,arima,moving_avg,ensemble_top2_cv0,ensemble_top2_cv1,ensemble_top2_cv2,ensemble_top2_cv3,ensemble_top2_cv4,ensemble_top2_cv5,ensemble_top2_cv6,ensemble_top2_cv7,ensemble_post
00075,Besoin,1,-10393975.0,-51665050.0,9078607.62057189,8319843.780867636,-10292242.857142856,-16607376.790041942,-19995111.86082958,-10813929.337119889,-16635363.711031169,-5040456.277366999,-26053138.66447882,-8162873.631596103,-9270081.487362344,8726961.716380252
00075,Besoin,2,-15809800.0,-52240588.0,10790087.590282135,13356619.3667505,-13671634.69387755,-15862983.052041393,-19378267.080737114,-9851410.584115818,-15892024.528477348,-3860564.3093860503,-25664379.528506286,-7100541.186472966,-8249436.1443124665,11979535.927098721
00075,Besoin,3,2155600.0,-43028150.0,10642976.469286459,13817919.547339074,-28772611.078717202,-12052328.952507714,-15045622.446142271,-6933425.260428577,-12077056.648263913,-1832171.385786091,-20398297.351672567,-4591038.282588783,-5569331.763795244,12114390.460066466
00075,Besoin,4,29540550.0,-18619258.0,9743344.461285464,13860168.37359361,-33680084.08996252,-2250029.2198663205,-3831840.832305534,455064.2472854927,-2263096.9148790017,3150830.7303887345,-6660471.519511215,1692902.284835388,1175921.8991057444,11651269.155753799
00075,Besoin,5,17531350.0,2355958.0,22744308.502628133,13864037.791805431,-35021867.531385735,14122916.664862927,12985837.847173216,16067462.920689834,14113522.843650116,18005304.666095763,10952486.872308072,16957278.50048428,16585648.588528832,18628784.461852908
