Code_Agence,Composante,Jour,Reel,xgboost,prophet,arima,moving_avg,ensemble_top2_cv0,ensemble_top2_cv1,ensemble_top2_cv2,ensemble_top2_cv3,ensemble_top2_cv4,ensemble_top2_cv5,ensemble_top2_cv6,ensemble_top2_cv7,ensemble_post
00075,encaissements,1,67779625.0,146509340.0,136766243.6330702,128581443.93528089,89127807.14285715,141551611.43057868,141110004.61484626,141292978.51019394,142459800.84049848,141215047.06462607,142868231.27723223,141439123.19084615,142379073.8948211,100720973.18370444
00075,encaissements,2,64086978.0,138342480.0,134012306.66074583,125131333.90758103,92611851.02040817,136139091.0793788,135942825.44229904,136024142.03334507,136542722.0096244,135989510.01967758,136724242.27515316,136089100.44646055,136506848.34573,102167466.04918247
00075,encaissements,3,77741100.0,117324950.0,124239737.34062967,125476164.06860831,76637186.88046648,120843507.4570809,121156921.88678546,121027062.47572601,120198950.80370167,121082376.29660447,119909093.78743134,120923339.83414978,120256247.0623999,90988167.36893713
00075,encaissements,4,86261050.0,113359290.0,115586781.28942001,125441699.12720081,79744399.29196168,114492737.97407278,114593699.19731954,114551865.54479748,114285102.0898079,114569684.91612506,114191734.90815955,114518455.37390447,114303561.22258747,93172220.5951183
00075,encaissements,5,132510400.0,144603000.0,226885042.81346157,125445143.81481944,81291684.90509906,186471850.09538156,190201302.4054478,188656049.12686217,178802008.4695973,189314220.27047074,175352843.85757458,187421797.637171,179483792.6887793,94265859.709598
