Code_Agence,Composante,Jour,Reel,xgboost,prophet,arima,moving_avg,ensemble_top2_cv0,ensemble_top2_cv1,ensemble_top2_cv2,ensemble_top2_cv3,ensemble_top2_cv4,ensemble_top2_cv5,ensemble_top2_cv6,ensemble_top2_cv7,ensemble_post
00040,encaissements,1,135339550.0,241545070.0,167459199.54235005,189431933.50477207,161377414.0,191839434.87909442,198992556.7021746,212454213.18562576,205942094.31779143,201440982.42999184,196016536.47275817,207856652.24647868,198554773.3082063,164910577.80248713
00040,encaissements,2,86210444.0,208645090.0,147004597.6155646,189963085.2893352,172175461.0,167289295.4351948,173240792.79748833,184441090.63486105,179022906.9155909,175277916.79327607,170764708.12813842,180615845.63733137,172876549.67104033,157552652.81842917
00040,encaissements,3,86380100.0,157009520.0,138841678.8779991,189970144.92198548,151513635.7142857,144820367.6150892,146574505.03772098,149875662.0164638,148278720.39717403,147174925.3955549,145844701.88591844,148748216.84465715,146467146.6299531,144151965.5454052
00040,encaissements,4,132287225.0,175112930.0,147835104.01763952,189970238.75281614,151084483.6734694,156811710.21875948,159445432.73748493,164401912.63076246,162004194.1539067,160346925.72798142,158349685.31056416,162709118.5649985,159284241.133852,149196783.0137582
00040,encaissements,5,240194160.0,218599200.0,262811288.02021247,189970239.99993837,154599945.62682217,248261944.44088426,243993191.59264058,235959701.1043141,239845927.7767855,242532044.16395137,245769177.82457897,238703379.21978873,244254442.6339136,217464444.10355258
