Code_Agence,Composante,Jour,Reel,xgboost,prophet,arima,moving_avg,ensemble_top2_cv0,ensemble_top2_cv1,ensemble_top2_cv2,ensemble_top2_cv3,ensemble_top2_cv4,ensemble_top2_cv5,ensemble_top2_cv6,ensemble_top2_cv7,ensemble_post
00040,Besoin,1,46199975.0,142530960.0,48576378.775384724,73950649.17092504,44696927.71428572,86929244.28964132,94772431.67374818,95002573.63578948,90070583.74463469,99356654.44512765,82100888.42972863,89507770.97452436,96561560.37125649,46449456.78860384
00040,Besoin,2,26736594.0,139857040.0,38234827.01626265,74289273.32987005,56014119.530612245,79717668.52364482,88200945.43012954,88449858.63960394,83115374.63657974,93159279.18425716,74495268.9051362,82506628.8374349,90136083.04391074,47982383.45211217
00040,Besoin,3,-28209400.0,130651230.0,36191968.29491115,74281055.49585828,35581452.606414,74750845.8815359,82636169.62783857,82867542.7439748,77909062.35848552,87245010.14751028,69896555.07899955,77343223.21651341,84434908.36240557,35857251.03190451
00040,Besoin,4,26458425.0,126649870.0,34838854.6798784,74281254.92875183,32463985.835901707,72316701.95369172,79980953.63335547,80205837.15110046,75386375.3754611,84460583.00944923,67598506.19582278,74836398.67287515,81729263.02306369,33536824.913186617
00040,Besoin,5,31286060.0,155094850.0,74713475.59350576,74281250.08885375,33372580.09817338,107525669.95100129,114235790.95569403,114432679.06858698,110213195.47227827,118157745.58089638,103394844.12429708,109731687.83293068,115766452.19706956,52048191.717666924
