Code_Agence,Composante,Jour,Reel,xgboost,prophet,arima,moving_avg,ensemble_top2_cv0,ensemble_top2_cv1,ensemble_top2_cv2,ensemble_top2_cv3,ensemble_top2_cv4,ensemble_top2_cv5,ensemble_top2_cv6,ensemble_top2_cv7,ensemble_post
00040,decaissements,1,89139575.0,108981260.0,119613691.0625794,110033942.97132598,116680486.28571428,114957121.85780331,114536004.41089365,114297294.1551383,115170966.89986843,114500996.61119348,113899120.97070676,114911619.57008398,115885121.6132495,114962840.4680708
00040,decaissements,2,59473850.0,113660810.0,114444754.66529065,112609178.96889202,116161341.46938775,114101416.56982194,114070367.71688932,114052768.15950052,114117186.1270313,114067787.66538456,114023410.47714218,114098063.41508782,114169844.04052633,113553605.10294928
00040,decaissements,3,114589500.0,124610344.0,108822030.19722314,112746006.12876046,115932183.10787173,115736667.85921001,116361988.65532835,116716464.04751998,115419127.18469617,116413978.53923762,117307719.77695477,115804233.88230154,114358664.46484727,110727072.54491183
00040,decaissements,4,105828800.0,143942780.0,122389766.09060344,112753276.0145866,118620497.83756769,131829105.36265738,132682748.70155591,133166651.22392005,131395627.81176262,132753724.12427269,133973788.80418982,131921346.50219506,129947964.68660086,117711367.9561119
00040,decaissements,5,208908100.0,141943620.0,187505022.13261944,112753662.27737226,121227365.52864878,167550985.7256165,165746451.63553497,164723526.91988575,168467333.33352146,165596430.16402715,163017299.23971334,167356001.69077095,171527582.49958548,151214150.69096613
