Code_Agence,Composante,Jour,Reel,xgboost,prophet,arima,moving_avg,ensemble_top2_cv0,ensemble_top2_cv1,ensemble_top2_cv2,ensemble_top2_cv3,ensemble_top2_cv4,ensemble_top2_cv5,ensemble_top2_cv6,ensemble_post
00042,encaissements,1,70925500.0,397265500.0,77086548.92371325,140225080.99881977,205848085.7142857,214157427.72163284,227876881.04684716,222789175.98872334,227633842.62858924,247910924.77024242,239895199.73944128,227949002.305183,96990795.748234
00042,encaissements,2,64896600.0,293103170.0,62567570.32457827,138242643.59799823,211248662.24489793,161261494.62409246,171139788.3983224,167476534.19377697,170964801.15408468,185564720.74886996,179793222.59948432,171191724.62097144,86423926.93271221
00042,encaissements,3,142242500.0,259345740.0,59695501.773906186,138342342.34855017,183387513.9941691,145167186.9480636,153722066.9242785,150549583.0407968,153570515.59777924,166214452.5872804,161216187.70929748,153767042.192012,84488699.76755476
00042,encaissements,4,77534500.0,237420940.0,53105441.000926554,138337328.39912736,171499465.9933361,132012209.83552733,139910013.47499594,136981204.3563851,139770099.87423345,151442884.3802427,146828524.20090768,139951529.41008836,79974556.7110527
00042,encaissements,5,280201000.0,350145000.0,123642079.85940233,138337580.5556356,181182303.99238414,220609582.35020047,230315074.54736698,226715913.13737416,230143150.73101798,244487674.1327858,238817154.80114993,230366099.3626464,128274795.62668997
