Code_Agence,Composante,Jour,Reel,xgboost,prophet,arima,moving_avg,ensemble_top2_cv0,ensemble_top2_cv1,ensemble_top2_cv2,ensemble_top2_cv3,ensemble_top2_cv4,ensemble_top2_cv5,ensemble_top2_cv6,ensemble_post
00042,decaissements,1,183800000.0,241952350.0,80607944.58715007,134326355.1294408,185156614.2857143,112288318.02642143,164396961.3658287,155656410.46402675,173095188.66225517,146240411.03008467,157940922.0775029,143481380.808348,100719810.5418103
00042,decaissements,2,71697000.0,219219890.0,78726827.45797527,133537661.57906213,194003273.46938777,106312986.92784423,151687365.7238041,144076404.62232602,159261485.87450945,135877279.9180286,146065671.35826775,133474810.0817084,99247690.55831912
00042,decaissements,3,163564000.0,209364940.0,76544609.55054447,133497719.25938302,172835526.82215744,102624212.93829083,145520564.27775136,138325257.37347806,152681041.91858533,130573915.2735019,140205886.57943505,128302648.91738884,97867528.38976549
00042,decaissements,4,54797000.0,155199060.0,66346491.81362683,133495696.43454747,159117030.65389422,83792913.0031274,112489205.94717096,107675778.0175671,117279330.03535819,102490373.69855812,108933860.45994732,100970968.75519729,91486770.32642472
00042,decaissements,5,245557000.0,181609820.0,118458679.19145839,133495593.99131562,162002892.1758791,130858562.677001,151254194.2001491,147833092.02641,154658731.57498902,144147614.86984742,148727259.34120378,143067706.50546122,124088414.17008904
