Code_Agence,Composante,Jour,Reel,xgboost,prophet,arima,moving_avg,ensemble_top2_cv0,ensemble_top2_cv1,ensemble_top2_cv2,ensemble_top2_cv3,ensemble_top2_cv4,ensemble_top2_cv5,ensemble_top2_cv6,ensemble_post
00042,Besoin,1,-112874500.0,143806300.0,-7446972.297112776,3215511.952658564,20691471.42857143,32749036.138295222,58859013.751407534,47922581.51830276,51876724.58379409,42692023.80210892,72317975.9043948,34811592.499114476,-1778908.2610722305
00042,Besoin,2,-6800400.0,51895444.0,-1243775.5327283065,-2302586.817556832,17245388.775510203,9082645.30686529,19148092.784573674,14932077.638347268,16456407.365810199,12915687.928336488,24336552.920698266,9877765.744106071,-1806628.4311622854
00042,Besoin,3,-21321500.0,-6918271.0,3831618.2316561886,-1720485.9165694523,10551987.172011662,-2812370.5137058906,-3777682.9287408646,-3373351.9722940577,-3519540.702302625,-3179972.8821149473,-4275274.696698556,-2888625.248012052,880178.2942340856
00042,Besoin,4,22737500.0,-24861284.0,-5014784.22674132,-1781891.3884611947,12382435.3394419,-6630116.330815077,-10916331.385183869,-9121006.604864363,-9770119.043356149,-8262358.301063227,-13125756.2139771,-6968705.8321498195,-3296212.5318362056
00042,Besoin,5,34644000.0,15877571.0,-7850241.866620943,-1775413.7623797858,19179411.816505026,1932900.5580457437,5211344.504128093,3838134.673122523,4334628.550065939,3181370.971284096,6901291.062343679,2191881.275748588,-4620927.3939157585
