Code_Agence,Composante,Jour,Reel,xgboost,prophet,arima,moving_avg,ensemble_top2_cv0,ensemble_top2_cv1,ensemble_top2_cv2,ensemble_top2_cv3,ensemble_top2_cv4,ensemble_top2_cv5,ensemble_top2_cv6,ensemble_top2_cv7,ensemble_post
00081,encaissements,1,163225500.0,317909950.0,139389765.987319,168862631.2851333,221776385.7142857,251476033.36658296,211543357.99443477,227783593.07763106,202920426.12665772,244810763.38842857,216947785.4527892,242130919.4448277,216406465.4926259,185693269.48991358
00081,encaissements,2,167116000.0,179466770.0,122731720.52929449,167564962.70002502,234197083.67346936,158353571.08169532,145662672.86083302,150823937.03430519,142922238.3861787,156235295.33261657,147380236.27937365,155383623.69894984,147208197.02995467,188759095.17124757
00081,encaissements,3,163717200.0,203038610.0,112727763.60723488,167615317.71451047,219955609.9125364,169430627.43384448,149229244.51890662,157444950.28299245,144867027.49678344,166058752.9549691,151963269.8991791,164703060.4589659,151689424.1928717,184263550.88225794
00081,encaissements,4,206866960.0,229235890.0,118683471.99826059,167613363.72755808,205316772.0428988,188095277.17918772,163366117.7489639,173423224.6066473,158026183.38972133,183967662.81132552,166712923.48428643,182308117.51680446,166377696.95004815,179605943.56409663
00081,encaissements,5,248753000.0,249712940.0,220702510.745291,167613439.55049348,217448664.47759864,238917090.94111973,232427832.36464894,235066952.2765423,231026568.49391526,237833961.937912,233306085.1758091,237398459.76942775,233218109.44871736,183464868.9123051
