Code_Agence,Composante,Jour,Reel,xgboost,prophet,arima,moving_avg,ensemble_top2_cv0,ensemble_top2_cv1,ensemble_top2_cv2,ensemble_top2_cv3,ensemble_top2_cv4,ensemble_top2_cv5,ensemble_top2_cv6,ensemble_top2_cv7,ensemble_post
00081,Besoin,1,-43371925.0,89227304.0,39430204.888544686,50992812.28638654,86425600.0,87078358.35322393,86794438.28629725,87443722.59953517,87261333.76179034,88352762.57987487,87482469.524824,87481795.02978358,87492561.47985852,68482289.51865342
00081,Besoin,2,37756900.0,40573770.0,38914548.102514476,50882296.825106114,85926571.42857143,75359999.49183187,79955965.82434204,69445640.9527812,72398065.8250337,54730520.19974012,68818437.16043706,68829285.29486701,68655042.98034805,39882553.63360456
00081,Besoin,3,66640200.0,22419466.0,37461583.88351602,50886888.83967995,81522367.34693877,67752214.14915076,73741588.86724555,60044735.14425582,63892278.47878119,40868272.149382666,59227375.49870706,59241513.12196759,59014443.47388833,28685875.073340602
00081,Besoin,4,-3975975.0,19153610.0,43027625.08194551,50886698.037437424,65168566.253644325,54447722.0450815,59110789.6025365,48447013.147732586,51442543.43349452,33517050.638946865,47810652.30438059,47821659.00353517,47644872.598603584,29099305.758892078
00081,Besoin,5,76894500.0,33188514.0,72392921.47248168,50886705.96543834,67807357.8613078,59741648.9434627,63249856.34324671,55227082.55640237,57480736.690544695,43994690.09742475,54748323.22039445,54756604.133811794,54623600.66266675,49520710.75960269
