Code_Agence,Composante,Jour,Reel,xgboost,prophet,arima,moving_avg,ensemble_top2_cv0,ensemble_top2_cv1,ensemble_top2_cv2,ensemble_top2_cv3,ensemble_top2_cv4,ensemble_top2_cv5,ensemble_top2_cv6,ensemble_top2_cv7,ensemble_post
00081,decaissements,1,206597425.0,185582500.0,134673053.90969464,117659391.8702088,135350785.7142857,157797803.2180046,160067925.16512567,156050850.93601853,161138482.2005503,164321107.61700654,157805025.31884164,159529156.22097838,159679165.7386371,160139937.03857592
00081,decaissements,2,129359100.0,138876510.0,113854821.3694033,117513664.47175676,148270512.24489796,125220497.87818313,126336247.51132041,124361883.98536426,126862423.01443419,128426662.22708222,125224051.90919201,126071448.12017229,126145179.55754049,126371642.32513833
00081,decaissements,3,97077000.0,149106450.0,101180623.64951263,117514359.12703931,138433242.56559768,122950114.3896013,125087193.18751445,121305547.8608493,126095009.43614611,129091110.20054474,122956915.99909851,124579999.31467324,124721222.31813294,125154987.38031343
00081,decaissements,4,210842935.0,148395100.0,97126335.3332451,117514355.81574737,140148205.7892545,120414297.4192594,122700450.91135225,118655020.77347639,123778563.20288911,126983647.74669442,120421578.68728746,122157870.682085,122308944.61932246,122772963.80742401
00081,decaissements,5,171858500.0,150625980.0,186029274.49968717,117514355.83153167,149641306.61629084,169947936.17944497,168369248.5243276,171162790.6437738,167624767.68827873,165411506.33297977,169942906.33550906,168743916.22281766,168639592.3081689,168319170.1327684
