Code_Agence,Composante,Jour,Reel,xgboost,prophet,arima,moving_avg,ensemble_top2_cv0,ensemble_top2_cv1,ensemble_top2_cv2,ensemble_top2_cv3,ensemble_top2_cv4,ensemble_top2_cv5,ensemble_top2_cv6,ensemble_top2_cv7,ensemble_post
00039,encaissements,1,237377610.0,358064200.0,199399978.25477898,244460897.14991483,227514516.2857143,277692694.08554256,263078148.40768486,265318269.13776934,268012722.57540953,254615765.7762463,291605628.35207963,285463355.3826668,228042402.74367774,212814942.6847754
00039,encaissements,2,196512925.0,325832130.0,170127344.14848498,244623188.1936506,226145050.6122449,246959736.16081804,232617778.16295493,234816124.49393773,237460310.9977246,224313238.37576866,260613156.53378415,254585446.33195192,198235522.8187612,196856417.15813035
00039,encaissements,3,180802650.0,302967230.0,170397141.0719295,244624857.14492446,212229734.55685133,235813746.0238955,223602711.0021481,225474424.1691722,227725740.9706027,216532072.88194513,247438532.48694026,242306418.76518464,194328995.39077207,190357730.60739475
00039,encaissements,4,206930875.0,301801250.0,168704644.2332001,244624874.30790702,218809096.6364015,234381050.29794407,222121527.5084532,224000672.4185273,226260923.270294,215022803.76779386,246052008.1559059,240899525.8593188,192731543.91314048,192612184.38320398
00039,encaissements,5,401936630.0,339604450.0,302975682.390889,244624874.48440585,227438789.0130303,321050111.89164406,317676237.21851313,318193386.51277286,318815425.1189014,315722643.2219058,324262012.2071881,322844024.8916602,309587990.2763413,266932951.16402644
