Code_Agence,Composante,Jour,Reel,xgboost,prophet,arima,moving_avg,ensemble_top2_cv0,ensemble_top2_cv1,ensemble_top2_cv2,ensemble_top2_cv3,ensemble_top2_cv4,ensemble_top2_cv5,ensemble_top2_cv6,ensemble_top2_cv7,ensemble_post
00039,Besoin,1,82271910.0,-40766816.0,24203638.226904187,62163442.48797194,14469202.0,795575.2199723292,13129795.134347256,-1800200.8930476364,-5319941.6243663225,19943921.30785062,-6096390.5918723885,-8843362.604498234,14813813.71858782,40151864.97377539
00039,Besoin,2,29234625.0,-63893604.0,17787851.188153382,59752511.444410846,17243905.714285713,-11640980.9051718,3865713.4045017287,-14904415.977260403,-19329465.724636707,12432495.605916595,-20305626.870527692,-23759143.236614473,5982877.30455778,35418656.46099866
00039,Besoin,3,54457950.0,-33061920.0,21037327.560773116,60065180.22754089,4781876.102040816,1546027.7151786871,11816419.562497295,-615409.244249627,-3546207.713420108,17490369.35066195,-4192737.7187007237,-6480072.045160204,13218659.122376904,37434278.385186724
00039,Besoin,4,28383125.0,13615942.0,23571980.10964145,60024630.84384735,4415344.116618075,19984940.827565394,21875030.290568125,19587165.459738612,19047801.984104507,22919223.291817393,18928819.839761086,18507874.546030916,22133088.32065129,38886999.52953516
00039,Besoin,5,42394680.0,28906202.0,32365089.503534105,60029889.6116126,11108636.133277802,31118894.023589224,31775541.588960417,30980701.046670806,30793316.863469917,32138311.298911512,30751980.980958425,30605738.047236025,31865195.31198271,43988028.915869534
