Code_Agence,Composante,Jour,Reel,xgboost,prophet,arima,moving_avg,ensemble_top2_cv0,ensemble_top2_cv1,ensemble_top2_cv2,ensemble_top2_cv3,ensemble_top2_cv4,ensemble_top2_cv5,ensemble_top2_cv6,ensemble_top2_cv7,ensemble_post
00039,decaissements,1,155105700.0,389588130.0,179518548.00220796,192978886.91745344,213045314.2857143,273038740.4034735,278373884.1175223,276618292.0038402,267699742.46543208,286265657.8835836,302319324.99552447,289017132.067652,278610059.21157414,184311769.05569953
00039,decaissements,2,167278300.0,424043970.0,160995234.60009497,193063264.81475782,208901144.8979592,278101056.76103556,284781709.8623741,282583363.5933638,271415553.16034454,294663772.8820521,314766139.7230314,298109158.935682,285077445.913105,172414646.73650342
00039,decaissements,3,126344700.0,379891600.0,154275072.6035184,193064169.1718171,207447858.45481053,254716557.86748007,260446539.2121265,258561023.52433318,248982418.57334608,268922389.4377722,286164155.4551854,271877491.27009934,260700198.44909304,168087853.65515324
00039,decaissements,4,178547750.0,369772540.0,147920937.260075,193064178.86465985,214393752.51978347,246686335.4096129,252320701.00291225,250466658.83690354,241047887.14064193,260655099.7543695,277609156.95191175,263560899.197482,252570127.9182471,163996426.69941396
00039,decaissements,5,359541950.0,367177380.0,278353813.4815652,193064178.96854714,216330152.8797525,317896894.90142494,320152747.12650347,319410432.4010594,315639404.06734616,323489614.1137878,330277569.57497764,324653021.27324605,320252606.02458715,247982210.33200654
