Code_Agence,Composante,Jour,Reel,xgboost,prophet,arima,moving_avg,ensemble_top2_cv0,ensemble_top2_cv1,ensemble_top2_cv2,ensemble_top2_cv3,ensemble_top2_cv4,ensemble_top2_cv5,ensemble_top2_cv6,ensemble_top2_cv7,ensemble_post
00046,Besoin,1,194582750.0,23876346.0,241797788.07648635,313410878.394725,140229275.7142857,71883467.00700444,84560967.69020367,84974880.72876473,75998515.79440576,111806616.16398771,71967041.76296292,76636130.12313244,90186163.08800712,92990825.58582258
00046,Besoin,2,165526220.0,46870590.0,206385298.86975205,293638470.3803835,134297400.10204083,82942820.12740117,92468608.64217027,92779618.69355471,86034840.52411887,112940805.39528404,83005616.09886672,86513940.1788131,96695341.80014735,98802747.71354346
00046,Besoin,3,115963486.0,47670870.0,223126420.73127007,295947767.58821183,129528236.54518951,81445151.26218925,90364108.5782472,90655306.86116341,84340198.85568109,109532143.72038072,81503949.60920551,84788777.49755917,94321581.93059506,96294738.18331929
00046,Besoin,4,287466284.0,125152550.0,209775565.17097118,295678055.69524384,133682563.19450231,128672024.93739274,129601432.48093276,129631777.31845996,128973706.42353833,131598855.66809961,128678151.27998191,129020454.77242729,130013824.75642784,130219442.15855052
00046,Besoin,5,44760524.0,127920340.0,455452465.5884313,295709556.4067858,135529690.0794312,131059947.93378428,131889041.44100134,131916113.22680649,131329068.6773466,133670878.93659979,131065417.04215585,131370771.28021896,132256926.84482925,132440348.8428015
