Code_Agence,Composante,Jour,Reel,xgboost,prophet,arima,moving_avg,ensemble_top2_cv0,ensemble_top2_cv1,ensemble_top2_cv2,ensemble_top2_cv3,ensemble_top2_cv4,ensemble_top2_cv5,ensemble_top2_cv6,ensemble_top2_cv7,ensemble_post
00046,decaissements,1,229376750.0,494140480.0,319170911.51907146,286185807.5781512,384952071.4285714,366910979.0676459,366121997.39183223,368478024.3973359,398542822.1953877,402541851.5366161,405611814.2675724,394081973.5873635,366820748.3560588,302933994.8765638
00046,decaissements,2,254919500.0,453163600.0,292404362.0199483,285044006.58485824,409030053.06122446,336267169.3415182,335542266.1921678,337706938.2355677,365329990.72884226,369004240.2747728,371824881.54152095,361231448.85724056,336184261.37187123,288781227.2293823
00046,decaissements,3,286791500.0,420317000.0,278979962.0932215,285004606.01164365,384172632.0699708,317543468.2179055,316906142.8874513,318809291.21482754,343095049.543427,346325385.1302428,348805247.2359653,339491676.5535155,317470572.4082883,281945592.920986
00046,decaissements,4,171536724.0,445673760.0,275395740.1220669,285003246.4006617,389158436.6513952,321855737.54436845,321087906.0060612,323380749.1475494,352639403.850878,356531210.80140305,359518856.6827254,348298171.11055064,321767913.117347,280125034.8627267
00046,decaissements,5,470164600.0,481572000.0,370219613.6803015,285003199.48403406,399829184.7444517,400601872.0453511,400099754.51209927,401599144.7222407,420732691.92849076,423277711.11591375,425231475.32075053,417893762.14245605,400544442.4841454,328271835.7876969
