Code_Agence,Composante,Jour,Reel,xgboost,prophet,arima,moving_avg,ensemble_top2_cv0,ensemble_top2_cv1,ensemble_top2_cv2,ensemble_top2_cv3,ensemble_top2_cv4,ensemble_top2_cv5,ensemble_top2_cv6,ensemble_top2_cv7,ensemble_post
00046,encaissements,1,423959500.0,408771170.0,558127007.3718444,560030761.66836,525181347.14285713,495176766.84331167,497916815.7702427,486694763.758949,484599104.63559973,475581995.2152929,485340288.26587296,496459957.24474466,472160836.45134664,451223784.8640336
00046,encaissements,2,420445720.0,338067870.0,491582139.4143746,556627385.8191481,543327453.1632653,426879210.11631435,429695558.9557379,418161060.69966376,416007049.97048426,406738863.6771955,416768867.935677,428198122.8817825,403222463.2722181,412922192.7546195
00046,encaissements,3,402754986.0,301240860.0,498807927.0717462,556747244.4194446,513700868.61516035,415537709.356928,419162237.1871718,404317763.7003858,401545645.62608993,389617837.1828822,402526073.6448227,417235094.1950487,385092354.710619,378721038.06932664
00046,encaissements,4,459003008.0,429881660.0,479165082.1940882,556743023.2917463,522840999.84589756,458393192.58095765,459297340.33898234,455594358.3031568,454902847.288023,451927442.2998444,455147413.4653492,458816608.68392664,450798555.30863523,463782192.1812123
00046,encaissements,5,514925124.0,524346620.0,796717997.4715672,556743171.949573,535358874.82388294,681919385.3265917,686916261.3176386,666451275.8002678,662629533.9395481,646185529.4373558,663981192.075368,684259444.9078135,639946575.668992,528362585.96810424
