Code_Agence,Composante,Jour,Reel,xgboost,prophet,arima,moving_avg,ensemble_top2_cv0,ensemble_top2_cv1,ensemble_top2_cv2,ensemble_top2_cv3,ensemble_top2_cv4,ensemble_top2_cv5,ensemble_top2_cv6,ensemble_top2_cv7,ensemble_post
00045,Besoin,1,-377750.0,-121653340.0,-42093283.14271483,-18784058.154049024,-49550988.14285714,-53523606.02651993,-59819300.52304759,-46278876.25490455,-49530628.44041986,-58988859.63413882,-65544476.70183787,-55522254.37002252,-57316536.15213668,-25515170.193836857
00045,Besoin,2,-77913425.0,-124238720.0,-51007043.97311917,-20916438.84054372,-51612546.448979594,-55808965.53025809,-62132384.382521786,-48532331.95297248,-51798402.479722805,-61298285.68179091,-67882771.24742882,-57816411.82776318,-59618599.86812848,-29605841.194799066
00045,Besoin,3,32071900.0,-129432960.0,-72349026.40456018,-21227623.562867314,-62893274.51311953,-57769185.38783263,-64391451.45106794,-50148657.473931186,-53569085.290314235,-63517936.86855408,-70413603.37888238,-59871505.67420976,-61758865.92005807,-35990186.03870615
00045,Besoin,4,-3998800.0,-93230550.0,-96529989.91325907,-21273035.684643183,-73114549.44356517,-45573501.575737335,-49977368.375671744,-40505781.88045976,-42780396.19613527,-49396472.394119315,-53982152.89894523,-46971563.54953963,-48226675.701021165,-43005332.27246695
00045,Besoin,5,-41067750.0,-73404344.0,-63921221.84355729,-21279662.81205737,-79490756.50693163,-38882466.68423046,-42072543.89791846,-35211503.71460873,-36859192.54335167,-41651753.415546134,-44973535.58945131,-39895195.89950698,-40804374.45827697,-33593461.813603744
