Code_Agence,Composante,Jour,Reel,xgboost,prophet,arima,moving_avg,ensemble_top2_cv0,ensemble_top2_cv1,ensemble_top2_cv2,ensemble_top2_cv3,ensemble_top2_cv4,ensemble_top2_cv5,ensemble_top2_cv6,ensemble_top2_cv7,ensemble_post
00045,decaissements,1,175682500.0,503356860.0,269395630.2256081,251201945.39706433,262459651.0,386469211.11209553,341720202.742247,389421967.1295699,363741075.6893275,341514417.71005434,366175126.4522392,377472607.5859766,388617854.55891865,260672438.3235323
00045,decaissements,2,217841875.0,447580260.0,234925763.8819373,255181161.9120361,282188172.5714286,341337509.4728688,300663771.2055037,344021349.70630056,320679220.7598598,300476721.6380398,322891596.3813497,333160225.1333127,343290475.3543637,244637470.20941368
00045,decaissements,3,192289100.0,645636740.0,246472673.4955646,255362679.6891928,286805675.79591835,446213288.4731744,369866505.6074963,451251061.8292587,407436578.3263012,369515388.9833963,411589335.79634225,430864101.1482119,449879122.4906235,250735099.20912844
00045,decaissements,4,177174200.0,491817800.0,279955136.6422686,255370959.88789523,298134372.3381924,385970640.82796234,345448370.4997952,388644495.75561535,365389282.85607296,345262017.8670283,367593428.0772264,377823813.38497496,387916340.46911037,268167942.70085776
00045,decaissements,5,393711450.0,592006200.0,437960947.80467486,255371337.60126096,317565008.3865056,515044799.6992756,485581044.88552684,516988947.80479956,500080073.31917226,485445550.0185489,501682715.39549196,509121212.3323803,516459510.3905963,350416053.8406587
