Code_Agence,Composante,Jour,Reel,xgboost,prophet,arima,moving_avg,ensemble_top2_cv0,ensemble_top2_cv1,ensemble_top2_cv2,ensemble_top2_cv3,ensemble_top2_cv4,ensemble_top2_cv5,ensemble_top2_cv6,ensemble_top2_cv7,ensemble_post
00045,encaissements,1,175304750.0,387197630.0,223505735.51632315,237158346.31799525,212908662.85714287,305230101.7731956,289589659.0857446,290088855.51469797,293488819.42867726,296009047.69021165,317170718.92129195,302388117.01693565,299029320.9315751,219288226.66855565
00045,encaissements,2,139928450.0,299301860.0,184722154.06670126,234347018.73229104,230575626.12244898,241926894.95899355,230979030.7534529,231328450.89930725,233708342.4333312,235472422.43425393,250284988.9184029,239937591.95786905,237586531.26496732,202971290.43819183
00045,encaissements,3,224361000.0,331844830.0,183331199.77352384,234449184.16943586,223912401.28279883,257477696.62428457,243287521.5223241,243740415.42580462,246825133.96396053,249111669.23057514,268311126.6219443,254899252.2439924,251851890.5491976,199482035.19033426
00045,encaissements,4,173175400.0,225193700.0,198121934.28118363,234445471.41230288,225019822.89462724,211637706.30035627,209051052.2525084,209133609.35908616,209695906.94720417,210112706.64689046,213612480.8402034,211167694.72594246,210612208.22683486,208826973.95222783
00045,encaissements,5,352643700.0,300164900.0,374540396.0329072,234445606.33626458,238074251.879574,337407891.19519675,344514315.7746727,344287511.3905896,342742677.4761919,341597593.620016,331982533.7678646,338699186.1181497,340225295.39934623,320228494.1617053
