Code_Agence,Composante,Jour,Reel,xgboost,prophet,arima,moving_avg,ensemble_top2_cv0,ensemble_top2_cv1,ensemble_top2_cv2,ensemble_top2_cv3,ensemble_top2_cv4,ensemble_top2_cv5,ensemble_top2_cv6,ensemble_top2_cv7,ensemble_post
00056,Besoin,1,-49376500.0,-60751184.0,-32286659.104699828,-25710526.858357392,-40741173.571428575,-46601300.27752744,-47985134.34953049,-58336710.69160653,-46583542.00088999,-50710546.656560555,-48703092.6436211,-50260195.16115473,-46944181.84654046,-32697335.387448613
00056,Besoin,2,19056300.0,-101264190.0,-28550103.104864035,-25524203.153411947,-36139698.367346935,-55212046.33389346,-59715860.467031054,-93406049.25532484,-55154244.02982496,-68585972.9746125,-62052523.73641467,-67120261.13632867,-56327986.48705484,-30458683.613041703
00056,Besoin,3,-23675900.0,-113316030.0,-13086980.372227602,-25518660.72359536,-45458328.13411079,-65331123.74210492,-70023957.71958183,-105128098.38740644,-65270896.16381444,-79266342.01390058,-72458692.4618623,-77739114.3797811,-66493898.50317477,-34787366.25506651
00056,Besoin,4,-46415150.0,-47690028.0,-27731889.328251198,-25518495.857142746,-53091017.86755519,-51509284.23383248,-51135769.55207375,-48341728.33866273,-51514078.029598504,-50400140.79773827,-50941981.31212339,-50521697.03644186,-51416736.03037271,-38335238.58474442
00056,Besoin,5,-44276550.0,-26897298.0,-76062193.81025021,-25518490.95298553,-53380623.99149164,-45624721.35663768,-43793215.39420784,-30092865.185218528,-45648226.6915709,-40186121.57599658,-42842993.08370029,-40782163.787171274,-45170916.10707686,-38469855.75240026
