Code_Agence,Composante,Jour,Reel,xgboost,prophet,arima,moving_avg,ensemble_top2_cv0,ensemble_top2_cv1,ensemble_top2_cv2,ensemble_top2_cv3,ensemble_top2_cv4,ensemble_top2_cv5,ensemble_top2_cv6,ensemble_top2_cv7,ensemble_post
00056,decaissements,1,104663500.0,175946000.0,115561461.45720387,105657512.2116791,133543149.28571428,126584036.21424536,141719041.31039703,132939164.5039636,128317857.64678682,136679476.88884175,137256438.89078456,147988780.34431916,128730631.07625656,111259521.31759933
00056,decaissements,2,83321300.0,189243840.0,101780354.48376213,107846911.82487415,134367384.89795917,117745909.98427933,139668081.27411318,126950942.82425548,120257250.38006343,132368567.23879534,133204260.40665728,148749434.8420919,120855127.69077963,104415461.53933746
00056,decaissements,3,99506000.0,242241040.0,104153168.54231669,108067580.16284297,137746868.45481047,129359683.3434285,163970543.64321232,143892639.09875315,133324601.12248357,152446023.577165,153765425.0768179,178308231.54921386,134268530.52472484,105853456.38263309
00056,decaissements,4,124406150.0,184794580.0,101966760.81867503,108089821.19873631,147384975.37692627,117086121.76800251,137846395.47688705,125803276.40924208,119464357.8781686,130933762.51425327,131725166.61437333,146446426.4453946,120030548.96611941,104626410.8808066
00056,decaissements,5,158000900.0,193189380.0,143788025.55335853,108092062.86005557,154273218.28791574,152805730.56526428,165187870.0679438,158004940.70764264,154224192.5836182,161064934.11167702,161536962.0757299,170317224.45184228,154561888.93452448,128282908.2587061
