Code_Agence,Composante,Jour,Reel,xgboost,prophet,arima,moving_avg,ensemble_top2_cv0,ensemble_top2_cv1,ensemble_top2_cv2,ensemble_top2_cv3,ensemble_top2_cv4,ensemble_top2_cv5,ensemble_top2_cv6,ensemble_top2_cv7,ensemble_post
00056,encaissements,1,55287000.0,163837900.0,72592845.83971335,76613924.48163536,92801975.71428572,104888463.51800463,110493119.40441197,100623827.64084136,121398445.44227034,112239727.65354002,118961380.27020055,119003289.31620225,108899058.6316751,74806455.6402627
00056,encaissements,2,102377600.0,126940340.0,62966468.43343587,77325727.78075226,98227686.53061225,85609617.99669957,89539162.76323116,82619589.88074636,97185119.86077964,90763746.53137922,95476443.17671695,95505825.22798172,88421532.3536534,70871262.15929455
00056,encaissements,3,75830100.0,109251064.0,59186962.67841645,77346279.41029716,92288540.3206997,76906836.59023051,79981986.61120176,74566928.9089432,85965490.62764587,80940309.4440042,84628330.88964519,84651324.71482879,79107359.91274057,69183693.67240594
00056,encaissements,4,77991000.0,113150040.0,61460814.1730563,77346872.78978482,94293957.50937109,79755892.61497998,82930861.04452595,77340028.82173069,89108597.31458129,83920293.95310438,87728030.01736908,87751771.55465487,82027846.72620803,70206113.17802258
00056,encaissements,5,113724350.0,139141150.0,105870639.5724464,77346889.9222081,100892594.2964241,117646530.95113155,119690143.77311163,116091525.62550388,123666530.11847101,120327006.55940577,122777915.60593471,122793189.50906487,119108904.90385833,90168272.77068606
