Code_Agence,Composante,Jour,Reel,xgboost,prophet,arima,moving_avg,ensemble_top2_cv0,ensemble_top2_cv1,ensemble_top2_cv2,ensemble_top2_cv3,ensemble_top2_cv4,ensemble_top2_cv5,ensemble_top2_cv6,ensemble_top2_cv7,ensemble_post
00055,Besoin,1,-5583225.0,185491550.0,58994134.224718876,134119012.23565331,97999434.57142857,118994268.56646064,115019201.31369436,133582897.77234623,129123704.88202845,78092269.31478208,123093343.71534392,160400173.579794,102326057.58087122,74031001.1002203
00055,Besoin,2,81344640.0,127540100.0,36660924.16004591,134324562.2030677,98685553.79591836,79766645.46691762,76910853.50047575,90247514.73729223,87043904.98148437,50381540.762445875,82711534.63364094,109513776.69352457,67791749.49586168,60571933.44716114
00055,Besoin,3,34724350.0,92728990.0,21300621.30048633,134309676.45210642,73406671.76676384,55180458.856277235,52935887.41182682,63418112.61611746,60900169.46956718,32084625.408275343,57495053.24602601,78560825.880476,45768540.49173583,41387936.032205015
00055,Besoin,4,49395300.0,92623020.0,28528748.730242584,134310754.4653237,77989306.30487296,58929883.75551444,56915781.609018564,66321716.04380708,64062309.1958826,38205476.57914631,61006823.09510821,79909616.12711683,50484359.64223245,47596204.00495958
00055,Besoin,5,175082285.0,145903060.0,135402883.748327,134310676.39653835,86781785.77699767,140383316.6597551,140053356.52299058,141594279.97636566,141224124.60292643,136988162.55574542,140723572.99588624,143820300.8409438,138999738.1195082,116659047.11492279
