Code_Agence,Composante,Jour,Reel,xgboost,prophet,arima,moving_avg,ensemble_top2_cv0,ensemble_top2_cv1,ensemble_top2_cv2,ensemble_top2_cv3,ensemble_top2_cv4,ensemble_top2_cv5,ensemble_top2_cv6,ensemble_top2_cv7,ensemble_post
00055,decaissements,1,213418200.0,257745300.0,215906177.66499496,167408830.66518292,186443928.57142857,235975708.65838736,237962821.70075032,237852272.98425448,229976297.3514529,235126216.04029018,238553674.18524125,240762017.0657171,237469427.05251706,176293771.7529865
00055,decaissements,2,183039860.0,253099680.0,199071552.01238832,167070035.87913164,195056082.6530612,224987947.26396045,227553968.92584044,227411207.39650708,217240726.65930748,223890969.68136892,228316951.40702143,231168660.84371012,226916835.66207516,180132977.71907318
00055,decaissements,3,135770500.0,281158430.0,209287440.96218592,167074254.6651812,192936358.74635568,243762749.2109801,247176214.46424937,246986304.00550914,233457014.96646288,242303503.83670324,248191176.51775932,251984662.0876925,246328672.248439,179145811.75932598
00055,decaissements,4,127854900.0,251343470.0,211431745.97318512,167074202.13144553,196630267.1386922,230576738.98549408,232472313.99131772,232366853.7712601,224853705.26343903,229766374.9082902,233035938.2442027,235142562.93572426,232001650.52960968,180869975.4797148
00055,decaissements,5,262195500.0,281559420.0,304213250.6823609,167074202.78561318,203667305.3013625,293346588.2530122,292270659.4202198,292330530.5486044,296594966.6931306,293806542.7763989,291950746.4975296,290755018.39463305,292537811.4649947,184154627.6761892
