Code_Agence,Composante,Jour,Reel,xgboost,prophet,arima,moving_avg,ensemble_top2_cv0,ensemble_top2_cv1,ensemble_top2_cv2,ensemble_top2_cv3,ensemble_top2_cv4,ensemble_top2_cv5,ensemble_top2_cv6,ensemble_top2_cv7,ensemble_post
00055,encaissements,1,207834975.0,477966340.0,274042915.2975478,284093417.0118112,284443363.14285713,342908825.1591269,359008845.0274545,371521047.978086,376128562.70665157,368143662.22828686,393059106.53578323,400580376.6349064,354771738.1612272,277812159.1899961
00055,encaissements,2,264384500.0,320158900.0,234124559.0851593,283586538.7606185,293741636.44897956,263178767.4429089,269971289.38628256,275250139.50957555,277194030.34491724,273825224.2709312,284336948.5334878,287510118.7787311,268183675.94888413,255730484.9146459
00055,encaissements,3,170494850.0,323223140.0,226838486.67258346,283623588.7395277,266343030.51311952,259388036.2912712,266997739.115885,272911643.81237376,275089390.49800485,271315320.3370224,283091643.7000457,286646568.58691674,264995064.58476403,241155395.21436828
00055,encaissements,4,177250200.0,310378660.0,236059747.84733233,283620880.5922873,274619573.4435652,261157593.76838315,267025170.04526347,271585177.9873887,273264368.5489342,270354313.4261406,279434635.58919704,282175710.683566,265480981.71591374,250034279.45252874
00055,encaissements,5,437277785.0,368928500.0,437283301.55884635,283621078.5427772,290449091.0783602,414199565.6247297,408802856.9561003,404608795.6822738,403064356.9168283,405740876.0522734,397389275.8366469,394868153.88075984,410223122.2489317,384068867.018352
