Code_Agence,Composante,Jour,Reel,xgboost,prophet,arima,moving_avg,ensemble_top2_cv0,ensemble_top2_cv1,ensemble_top2_cv2,ensemble_top2_cv3,ensemble_top2_cv4,ensemble_top2_cv5,ensemble_top2_cv6,ensemble_top2_cv7,ensemble_post
00057,decaissements,1,245353500.0,203381740.0,137344249.52447277,127844001.47598329,132682323.42857143,161388208.91642076,158263939.9404317,170434129.16702715,169234246.13157222,168913370.02174652,173431335.83028647,173324571.84824303,157768831.51318228,133188516.01683512
00057,decaissements,2,113004300.0,235262820.0,127992916.41511624,128099043.02450801,142898955.3469388,167049415.29625446,161974413.12831974,181743416.4382352,179794340.50058275,179273122.7954995,186612013.921588,186438587.668601,161170170.0981678,128039339.82474199
00057,decaissements,3,56098000.0,202337470.0,107660613.567216,128116159.53579958,144401963.25364432,142132046.99657688,137652827.3559957,155101032.20994306,153380768.11331254,152920732.90609935,159398070.5819095,159245005.15860203,136942997.09665674,116608569.17477313
00057,decaissements,4,118260450.0,203926900.0,113387133.95095728,128117308.27003716,150815029.43273637,146352262.3522312,142068775.83410767,158754547.4450879,157109453.72143802,156669523.3507896,162863815.99377033,162717440.61802813,141389963.53850865,119830616.12939122
00057,decaissements,5,173097600.0,204974940.0,209129506.11674383,128117385.36462297,148455067.35169873,207616847.51992357,207813406.19460708,207047746.0102396,207123242.78929156,207143423.15490136,206859186.33339486,206865901.350807,207844551.92103305,173692033.00909108
