Code_Agence,Composante,Jour,Reel,xgboost,prophet,arima,moving_avg,ensemble_top2_cv0,ensemble_top2_cv1,ensemble_top2_cv2,ensemble_top2_cv3,ensemble_top2_cv4,ensemble_top2_cv5,ensemble_top2_cv6,ensemble_top2_cv7,ensemble_post
00057,Besoin,1,-106929100.0,119737656.0,10019453.831797829,16951958.169428296,9384469.714285715,50441057.76146651,40755803.67433433,24932557.00202055,55009239.70202972,63208437.9854406,66833046.9093815,63241018.5247501,38769817.75363073,9761069.661464706
00057,Besoin,2,-8396450.0,113424850.0,3892763.7971655843,15506443.098824572,8956393.959183674,44245799.38685824,34576974.69196809,18780569.090134423,48806233.79651813,56991521.13855903,60609981.19271279,57024049.11091019,32594356.811240055,5953227.739811944
00057,Besoin,3,17360350.0,113970980.0,9184415.315963162,15536159.040396828,2920610.9533527694,47789138.209174305,38539220.04499672,23427200.476827946,52151987.48665793,59982643.85930125,63444334.815560386,60013764.3786225,36642499.26334464,6635583.229102005
00057,Besoin,4,8541596.0,75356470.0,7438422.913589949,15535548.159748482,2395919.6609745943,32460309.935971797,26464918.274534035,16669970.61434554,35288118.66996754,40363606.34590406,42607321.27970426,40383777.369711325,25235547.64242651,5386555.814245935
00057,Besoin,5,58268904.0,92775624.0,20624123.21211715,15535560.717828313,9443503.041113822,47205666.112478234,40836575.176419996,30431089.96502593,50209740.18800324,55601591.83450269,57985160.71183462,55623019.12262481,39530574.201656714,16074568.05471689
