Code_Agence,Composante,Jour,Reel,xgboost,prophet,arima,moving_avg,ensemble_top2_cv0,ensemble_top2_cv1,ensemble_top2_cv2,ensemble_top2_cv3,ensemble_top2_cv4,ensemble_top2_cv5,ensemble_top2_cv6,ensemble_top2_cv7,ensemble_post
00057,encaissements,1,138424400.0,302238900.0,148837442.7939005,140926689.23027402,142066793.14285713,207522882.590071,190253456.85595536,202609112.08237967,231250323.24723202,209599823.6527911,226967089.46599448,234393827.64150006,203122043.96629736,145932958.5190102
00057,encaissements,2,104607850.0,221404020.0,127441451.41223097,140388624.8527679,151855349.30612245,163387878.4098126,152809883.41803616,160378052.55566907,177921578.3667895,164660057.0898981,175297978.43779844,179847064.08356267,160692247.41755438,132195089.78054306
00057,encaissements,3,73458350.0,210349940.0,119271479.83634461,140392746.20306695,147322574.20699707,154114556.60626906,143861249.498166,151197117.09596485,168202158.86230493,155347694.55150402,165659086.79066133,170068543.12765336,151501662.35062867,127026289.22770062
00057,encaissements,4,126802046.0,152017220.0,119108189.16876651,140392714.63523045,153210949.09371093,131697902.60527931,127993112.77913083,130643756.54579343,136788121.92418146,132143467.3832354,135869242.48656756,137462492.33171752,130753799.8046327,126922940.19325751
00057,encaissements,5,231366504.0,233651980.0,242944515.25056827,140392714.877027,157898570.3928125,239389548.59938407,240435674.81110483,239687212.81402233,237952228.3767856,239263742.74062306,238211687.49661,237761808.50478053,239656145.5947757,205291959.25183344
