Code_Agence,Composante,Jour,Reel,xgboost,prophet,arima,moving_avg,ensemble_top2_cv0,ensemble_top2_cv1,ensemble_top2_cv2,ensemble_top2_cv3,ensemble_top2_cv4,ensemble_top2_cv5,ensemble_top2_cv6,ensemble_top2_cv7,ensemble_post
00031,encaissements,1,504926425.0,582792400.0,283739354.18946296,405700326.64111876,656263511.1428572,491293494.9696213,475334585.7181311,455488451.4091691,455526741.33183765,486347270.70251393,488581295.51399696,491335240.0836343,482496141.7351257,514582224.75471395
00031,encaissements,2,429503250.0,640529600.0,238297165.2458469,406775994.77742994,643776984.1632653,519755152.97327685,498690106.9924463,472494103.34903437,472544624.7608605,513226364.30177915,516175171.470721,519810244.4480603,508143043.3644541,509764459.06616807
00031,encaissements,3,417005156.0,667347460.0,226265712.3036663,406717345.1402588,560303824.3294461,532686610.217283,509199558.9460721,479991590.6266107,480047916.7158381,525407159.451356,528695042.49032354,532748051.52147,519739363.08899087,473458145.11834526
00031,encaissements,4,584362650.0,509149020.0,202614276.88181153,406720542.9480437,584614177.8050812,456226870.4421508,446996379.34565914,435517553.3942227,435539702.7922285,453366020.9915439,454658167.6899016,456251030.99230456,451138566.17034423,484023985.0482006
00031,encaissements,5,683750230.0,620052740.0,382861300.95950353,406720368.5910464,590230085.3486643,509829388.3563838,490604657.54747856,466697188.0564146,466743305.4921086,503870982.03595614,506562186.93384176,509879692.9476505,499231763.4230999,486464271.6013429
