Code_Agence,Composante,Jour,Reel,xgboost,prophet,arima,moving_avg,ensemble_top2_cv0,ensemble_top2_cv1,ensemble_top2_cv2,ensemble_top2_cv3,ensemble_top2_cv4,ensemble_top2_cv5,ensemble_top2_cv6,ensemble_top2_cv7,ensemble_post
00031,decaissements,1,1224737600.0,1160548400.0,453261524.6237245,720911292.8755931,1098505934.7142856,767981709.1391016,726285542.401603,777025680.6272697,878327881.8918281,731106003.9617672,844265160.1009564,831018711.8651183,724897038.3960342,940388713.3548281
00031,decaissements,2,575458600.0,1094197000.0,449372071.57158047,722939655.6235477,1004180353.9591837,736298683.1713936,698284808.3690174,744543972.6615088,836899950.2701507,702679554.2091548,805845433.6972895,793768765.8116447,697018908.6838717,908280244.580043
00031,decaissements,3,844287000.0,819742400.0,524172228.21460176,722755453.9846858,874785754.0962099,655691561.6600698,638267037.4726633,659470981.8981136,701804450.631047,640281492.3704913,687569885.0434085,682034272.4360806,637686799.63468,771173664.8345118
00031,decaissements,4,737557000.0,815146700.0,601685965.4073839,722772181.8819978,907863004.6813828,696669219.533511,684085217.6792376,699398696.2679464,729971911.7620664,685540055.426964,719691726.3079925,715693910.2920655,683666176.9237132,768887737.762711
00031,decaissements,5,1121893950.0,1006355400.0,1087682917.8688529,722770662.7720149,914879422.4930089,1051494754.7554706,1056289213.7623193,1050454802.7169981,1038806602.1164274,1055734911.179862,1042723326.3283129,1044246387.7751571,1056448878.3964982,864342977.0290087
