Code_Agence,Composante,Jour,Reel,xgboost,prophet,arima,moving_avg,ensemble_top2_cv0,ensemble_top2_cv1,ensemble_top2_cv2,ensemble_top2_cv3,ensemble_top2_cv4,ensemble_top2_cv5,ensemble_top2_cv6,ensemble_top2_cv7,ensemble_post
00031,Besoin,1,-719811175.0,-624343040.0,206325266.07104224,-320705132.2929329,-442242423.5714286,-143243863.56768447,-391448927.716435,-235666868.14638403,-90127971.91938724,12182619.171687365,-386005504.99233943,-243182237.71152627,-113786815.52232465,-380351601.40595144
00031,Besoin,2,-145955350.0,-567326200.0,50013936.78010486,-320569725.277772,-360403369.7959184,-209780567.12955618,-394242797.5285535,-278467946.1997919,-170305634.05487576,-94269947.12726784,-390197356.987648,-284053271.9529246,-187888531.33685762,-340118756.05192554
00031,Besoin,3,-427281844.0,-363149020.0,-232183895.1095902,-320576076.3306871,-314481929.7667638,-287297798.2058597,-326430389.2579886,-301869417.3914919,-278923414.6036961,-262792885.31150496,-325572161.2394821,-303054319.675053,-282653521.6279349,-317585271.442973
00031,Besoin,4,-153194350.0,-482734370.0,-396573684.70308095,-320575778.4445467,-323248826.8763016,-432832577.491179,-458577533.59577644,-442419109.81796527,-427323165.9587302,-416711041.3803741,-458012914.4298299,-443198655.60549843,-429777166.48601526,-321887621.90464926
00031,Besoin,5,-438143720.0,-565780700.0,-240197760.31718343,-320575792.41642725,-324649337.1443447,-377212430.30923885,-474497137.2839852,-413437887.2174989,-356393497.7629627,-316292553.0624238,-472363552.6390413,-416383581.2316835,-365666644.3884654,-322574952.9805497
